symbol,isin
SGBDE31III,IN0020230168
SGBFEB32IV,IN0020230184
SGBSEP31II,IN0020230093
SGBAUG28V,IN0020200161
SGBJUN31I,IN0020230069
SGBJAN29IX,IN0020200377
SGBJUL27,IN0020190081
SGBJUL28IV,IN0020200146
SGBSEP28VI,IN0020200195
SGBMR29XII,IN0020200427
SGBDE30III,IN0020220110
SGBN28VIII,IN0020200286
SGBAUG30,IN0020220078
SGBMAR31IV,IN0020220169
SGBAPR28I,IN0020200062
SGBNV29VII,IN0020210178
SGBMAR28X,IN0020190552
SGBSEP29VI,IN0020210145
SGBMAY29I,IN0020210053
SGBJUN29II,IN0020210061
SGBAUG29V,IN0020210129
SGBFEB29XI,IN0020200393
SGBJU29III,IN0020210087
SGBMAR30X,IN0020210319
SGBD29VIII,IN0020210228
SGBJAN27,IN0020180462
SGBJAN29X,IN0020200385
SGBJAN30IX,IN0020210236
SGBDC27VII,IN0020190461
SGBAUG27,IN0020190107
SGBJUN30,IN0020220045
SGBOC28VII,IN0020200203
SGBSEP27,IN0020190115
SGBJUL29IV,IN0020210111
SGBJUN28,IN0020200104
SGBDEC26,IN0020180389
SGBOCT27VI,IN0020190388
SGBOCT27,IN0020190370
SGBMAY28,IN0020200088
SGBFEB28IX,IN0020190545
SGBNOV26,IN0020180314
SGBFEB27,IN0020180561
SGBOCT26,IN0020180249
SGBJ28VIII,IN0020190537
SGBJUN27,IN0020190073
