ISINNumber,Symbol
INF204KB14I2,NIFTYBEES
INF732E01045,JUNIORBEES
INF732E01037,LIQUIDBEES
INF204KB15I9,BANKBEES
INF204KB17I5,GOLDBEES
INF789F1AUX7,GOLDBETA
INF174KA1HJ8,GOLD1
INF204KB16I7,PSUBNKBEES
INF174KA1A86,PSUBANK
INF082J01408,QGOLDHALF
INF082J01499,QNIFTY
INF732E01128,SHARIABEES
INF200KA16D8,SETFGOLD
INF174K014P6,NIFTY1
INF204KB19I1,HNGSNGBEES
INF205KA1BP1,IVZINGOLD
INF247L01536,MOM50
INF179KC1981,HDFCGOLD
INF109KC1NT3,GOLDIETF
INF732E01268,INFRABEES
INF846K01W80,GOLDAXIS
INF247L01023,MOM100
INF247L01AP3,MON100
INF209KB18D3,BSLGOLDETF
INF205K01DA9,IVZINNIFTY
INF209KB19D1,BSLNIFTY
INF767K01SM1,LICMFGOLD
INF109K012R6,NIFTYIETF
INF204K014N5,NIF100BEES
INF109KC16V9,NIF100IETF
INF457M01133,CPSEETF
INF204KA1LD7,CONSUMBEES
INF204KA1MS3,DIVOPPBEES
INF346A01034,SENSEXIETF
INF174KA1ZB7,BANKNIFTY1
INF767K01MV5,LICNETFGSC
INF200KA1580,SETFNIFBK
INF200KA1598,SETFNN50
INF204KB18I3,NV20BEES
INF200KA1FS1,SETFNIF50
INF789F1AZC0,NIFTYBETA
INF789FB1X58,SENSEXBETA
INF767K01OS7,LICNETFN50
INF767K01OT5,LICNETFSEN
INF174KA1ZE1,NV20
INF179KC1965,HDFCNIFTY
INF179KC1HX2,HDFCSENSEX
INF767K01PC8,LICNFNHGP
INF200KA1JT1,SETF10GILT
INF109KC11V0,NV20IETF
INF109KC10W0,MIDSELIETF
INF204KB1882,LTGILTBEES
INF194KA1U07,IDFNIFTYET
INF846K01W98,NIFTYAXIS
INF109KC19U5,LOWVOLIETF
INF789F1AUW9,NEXT50BETA
INF109KB15Y7,ICICIB22
INF740KA1EU7,LIQUIDETF
INF109KC1V59,BSE500IETF
INF109KC1NS5,NEXT50IETF
INF109KC1KT9,LIQUIDIETF
INF769K01EG9,NIFTYETF
INF200KA1WX6,SBIETFQLTY
INF209KB16D7,ABSLNN50ET
INF277K015R5,NETF
INF204KB1V68,MID150BEES
INF789F1AUU3,SNXT50BETA
INF109KC15I8,BANKIETF
INF109KC18U7,PVTBANIETF
INF277K010X4,NPBET
INF209KB17D5,ABSLBANETF
INF754K01KO2,EBBETF0430
INF109KC11W8,MIDCAPIETF
INF769K01FN2,NEXT50
INF204KB15V2,ITBEES
INF754K01LE1,EBBETF0431
INF109KC17V7,ALPL30IETF
INF109KC16I6,ITIETF
INF179KC1HY0,HDFCNIFBAN
INF789F1AUV1,BANKBETA
INF200KA1S14,SBIETFIT
INF200KA1S22,SBIETFPB
INF846K01X63,BNKETFAXIS
INF769K01GS9,ESG
INF247L01AK4,MOGSEC
INF174KA1GC5,IT
INF846K01Y96,ITAXIS
INF204KC1030,GILT5YBEES
INF769K01HF4,MAFANG
INF846K01Z12,HEALTHAXIS
INF109KC1Q72,HEALTHIETF
INF204KC1089,PHARMABEES
INF200KA1X17,SBIETFCON
INF769K01HI8,BFSI
INF109KC19V3,FMCGIETF
INF846K016C7,CONSUMAXIS
INF769K01HP3,MASPTOP50
INF209KB10E8,BSLSENETFG
INF209KB10C2,HEALTHY
INF109KC1V42,CONSUMIETF
INF209KB11D8,TECH
INF740KA1QK2,EQUAL50ADD
INF769K01HS7,MAHKTECH
INF754K01OB1,BBETF0432
INF174KA1IA5,ALPHA
INF247L01AU3,MONQ50
INF740KA1CL0,NIFTYADD
INF740KA1ZF3,MIDQ50ADD
INF109KC10V2,AUTOIETF
INF204KC1337,AUTOBEES
INF109KC1Y56,SILVERIETF
INF769K01IB1,MAKEINDIA
INF209KB19F6,SILVER
INF174KA1ZC5,MIDCAP
INF204KC1402,SILVERBEES
INF247L01BK2,MOMOMENTUM
INF109KC14A8,GSEC5IETF
INF769K01IC9,MIDCAPETF
INF174KA1IY5,LOWVOL1
INF247L01BL0,MOLOWVOL
INF277KA1364,TNIDETF
INF247L01BB1,MOHEALTH
INF174KA1ZF8,CONS
INF109KC17C7,MOM30IETF
INF179KC1HS2,HDFCNEXT50
INF179KC1HR4,HDFCNIF100
INF174KA1JF2,MNC
INF209KB14K7,MOMENTUM
INF209KB15K4,NIFTYQLITY
INF109KC16E5,INFRAIETF
INF740KA1RE3,SILVERADD
INF247L01BH8,MOQUALITY
INF247L01BE5,MOVALUE
INF179KC1DI2,HDFCSILVER
INF846K011K1,SILVERAXIS
INF179KC1DK8,HDFCVALUE
INF179KC1DJ0,HDFCGROWTH
INF179KC1DL6,HDFCQUAL
INF179KC1HU8,HDFCLOWVOL
INF179KC1HV6,HDFCMOMENT
INF179KC1IA8,HDFCNIFIT
INF179KC1HZ7,HDFCPVTBAN
INF109KC17L8,FINIETF
INF174KA1ZD3,SILVER1
INF109KC18O0,GSEC10IETF
INF754K01QX0,EBBETF0433
INF109KC19O8,COMMOIETF
INF740KA1RX3,BANKADD
INF174KA1LV5,LIQUID1
INF179KC1FB2,HDFCSML250
INF179KC1HT0,HDFCMID150
INF179KC1EZ4,HDFCBSE500
INF769K01JP9,GOLDETF
INF209KB18T9,ABSLLIQUID
INF109KC10S8,PSUBNKIETF
INF846K010Q0,SENSEXAXIS
INF769K01JU9,LOWVOL
INF769K01KF8,GSEC10YEAR
INF789F1AYK6,SILVERBETA
INF740KA1SW3,GOLDADD
INF769K01KG6,SILVERAG
INF740KA1SX1,ITADD
INF769K01KR3,BANKETF
INF769K01KS1,LIQUID
INF740KA1TA7,PVTBANKADD
INF740KA1SY9,PSUBANKADD
INF740KA1SZ6,SENSEXADD
INF109KC18V5,QUAL30IETF
INF179KC1JG3,HDFCLIQUID
INF789F1AYX9,MIDCAPBETA
INF769K01KT9,SENSEXETF
INF247L01BU1,MONIFTY500
INF769K01KV5,ITETF
INF769K01KU7,ALPHAETF
INF200KA13Z8,LIQUIDSBI
INF754K01SE6,EGOLD
INF754K01SF3,ESILVER
INF251K01SU9,BBNPPGOLD
INF277KA1984,TATSILV
INF277KA1976,TATAGOLD
INF0R8F01034,LIQUIDCASE
INF0QA701722,NIFTYBETF
INF0QA701714,BANKBETF
INF789F1AZD8,ITBETA
INF789F1AZF3,GILT10BETA
INF789F1AZE6,GILT5BETA
INF740KA1ZG1,HEALTHADD
INF179KC1HW4,HDFCPSUBK
INF767K01RN1,LICNMID100
INF769K01LC3,SMALLCAP
INF0R8F01042,GOLDCASE
INF247L01CI4,MOREALTY
INF247L01CH6,MOSMALL250
INF740KA1UM0,LIQUIDADD
INF209KB19Z4,ABSLPSE
INF769K01LJ8,MIDSMALL
INF0QA701854,LIQUIDBETF
INF0R8F01067,TOP100CASE
INF0R8F01059,MID150CASE
INF251K01TL6,BBNPNBETF
INF200KB1217,SBISILVER
INF680P01422,LIQUIDSHRI
INF209KC1134,ABGSEC
INF769K01LQ3,EVINDIA
INF200KB1282,SBINEQWETF
INF109KC18W3,OILIETF
INF666M01IH2,GROWWEV
INF209KC1142,GSEC10ABSL
INF109KC19W1,METALIETF
INF247L01DJ0,MODEFENCE
INF769K01LX9,MULTICAP
INF740KA1UR9,TOP10ADD
INF754K01TE4,EBANKNIFTY
INF666M01IP5,GROWWLIQID
INF247L01DK8,MOMENTUM50
INF769K01LZ4,BANKPSU
INF769K01LY7,METAL
INF666M01IO8,GROWWDEFNC
INF109KC16X5,VAL30IETF
INF666M01OE7,GROWWGOLD
INF754K01TF1,EMULTIMQ
INF769K01MY5,LIQUIDPLUS
INF769K01NS5,CONSUMER
INF754K01TX4,ECAPINSURE
INF740KA1VE5,NEXT30ADD
INF666M01JJ6,GROWWRAIL
INF582M01KS4,UNIONGOLD
INF174KA1VD2,MSCIINDIA
INF666M01JV1,GROWWN200
INF174KA1UW4,NIFTY100EW
INF1J2R01015,AONETOTAL
INF247L01EV3,MOCAPITAL
INF579M01BB5,GOLD360
INF769K01ON4,SELECTIPO
INF769K01OA1,EQUAL200
INF109K1A021,CASHIETF
INF846KA1119,VALUEAXIS
INF0R8F01091,SILVERCASE
INF200KB1712,SBIBPB
INF174KA1VW2,MID150
INF1J2R01056,AONELIQUID
INF579M01BC3,SILVER360
INF109K1A153,EVIETF
INF666M01KJ4,GROWWMOM50
INF247L01FC0,MON50EQUAL
INF247L01FD8,MONEXT50
INF769K01OO2,EQUAL50
INF247L01FL1,MOINFRA
INF666M01OF4,GROWWSLVR
INF1J2R01064,AONENIFTY
INF247L01FK3,MOMGF
INF247L01FO5,MOPSE
INF247L01FP2,MOTOUR
INF204KC1EZ3,SNXT30BEES
INF666M01LB9,GROWWLOVOL
INF109K1A344,TOP15IETF
INF247L01FQ0,MOMIDMTM
INF666M01LI4,GROWWNET
INF769K01PB6,INTERNET
INF247L01FR8,MOALPHA50
INF174KA1WT6,QUALITY30
INF666M01LL8,GROWWNIFTY
INF204KC1FU1,LIQGRWBEES
INF247L01FY4,MOGOLD
INF666M01LM6,GROWWPOWER
INF200KB1969,SBILIQETF
INF247L01FZ1,MOSILVER
INF0R8F01133,LTGILTCASE
INF666M01LZ8,GROWWNXT50
INF204KC1GH6,MANUFGBEES
INF754K01VV4,ELM250
INF1J2R01114,AONEGOLD
INF0R8F01141,SML100CASE
INF666M01MN2,GROWWRLTY
INF754K01VW2,ELIQUID
INF740KA1WU9,FLEXIADD
INF247L01GG9,MONIFTY100
INF247L01GH7,MOENERGY
INF174KA1XS6,MOMENTUM30
INF0R8F01166,NIFTYCASE
INF666M01MO0,GROWWSC250
INF2KCX01012,CHOICEGOLD
INF769K01PR2,ENERGY
INF769K01PQ4,SMALL250
INF666M01MV5,GROWWMC150
INF174KA1XV0,CHEMICAL
INF247L01GI5,MOIPO
INF1J2R01148,AONETMMQ50
INF754K01VY8,ESENSEX
INF754K01VX0,ENIFTY
INF247L01GJ3,MOSERVICE
INF740KA1WV7,MSCIADD
INF247L01GK1,MOMNC
INF666M01MM4,GROWWCAPM
INF194KB1KJ7,GOLDBND
INF194KB1KI9,SILVERBND
INF740KA1WX3,SMALLADD
INF740KA1WW5,MIDCAPADD
INF769K01PY8,DIVIDEND
INF769K01PZ5,TOP20
INF666M01NI0,GROWWMETAL
INF2F0001370,TWCGOLDETF
INF740KA1XU7,NEXT50ADD
INF174KA1YO3,NEXT50ETF
INF666M01NP5,GROWWCHEM
INF666M01NQ3,GROWWPSE
INF769K01QA6,HEALTHCARE
INF769K01QB4,INFRA
INF769K01QC2,DEFENCE
INF209KC1662,ABSLMSCIN
INF1J2R01171,AONESILVER
INF209KC1670,ABSL10BANK
INF666M01OD9,GROWWHOSPI
INF200KB1AJ0,SBIMIDMOM
INF740KA1YH2,BANK10ADD
INF336L01RX2,HSBCGOLD
INF666M01OG2,GROWWPSUBK
INF769K01QV2,VALUE
INF200KB1AK8,SBINMID150
INF247L01GV8,MOBANK10
INF740KA1ZA4,FMCGADD
INF754K01XF3,ENEXT50
INF200KB1AY9,SBISMLETF
INF200KB1AX1,SBIVALETF
INF666M01OT5,PVTBKGROWW
INF579M01BP5,MSCI360
INF666M01PG9,SMALLGROWW
INF109K1A476,SMALLIETF
INF174KA1JD7,SENSEX1
INF200K01VT2,SBISENSEX
INF204KA1UN7,SENSEXBEES
INF200KA1572,SETFBSE100
INF194KA1T91,IDFSENSEXE
INF200KA1VQ2,SETFSN50
INF204KB15D0,SNXT50BEES
INF204KB11T5,08MPD
INF204KB12S5,08ADR
INF204KB12T3,08MPR
INF204KB13S3,08AMD
INF204KB14S1,08AMR
INF204KB15S8,08BPB
INF204KB16S6,08GPG
INF204KB17R6,08ABB
INF204KB17S4,08QPD
INF204KB18R4,08AGG
INF204KB18S2,08QPR
INF204KB19R2,08AQD
INF204KB19S0,08DPD
INF204KB10S9,08AQR
INF204KB10T7,08DPR
INF204KB11S7,08ADD
INF204KB14U7,11DPR
INF204KB10U5,11GPG
INF204KB15U4,11MPD
INF204KB16U2,11MPR
INF204KB11U3,11QPD
INF204KB12U1,11QPR
INF204KB16T4,11ADD
INF204KB17T2,11ADR
INF204KB13T1,11AGG
INF204KB18T0,11AMD
INF204KB19T8,11AMR
INF204KB14T9,11AQD
INF204KB15T6,11AQR
INF204KB13U9,11DPD