BSE SYMBOL,ISIN No,Type
ANDHRAPET,INE714B01016,Equity
UTIQUE,INE096A01010,Equity
ARUNAHTEL,INE957C01019,Equity
ATVPR,INE447A01015,Equity
BHAGGAS,INE099C01010,Equity
BIHSPONG,INE819C01011,Equity
QUESTCAP,INE418C01012,Equity
FGP,INE512A01016,Equity
PHCAP,INE160F01013,Equity
GOODRICKE,INE300A01016,Equity
GTNINDS,INE537A01013,Equity
PRAGBOS,INE962B01011,Equity
INDLEASE,INE333C01013,Equity
MARGOFIN,INE680B01019,Equity
ITHL,INE262B01016,Equity
JASCH,INE711C01028,Equity
KGDENIM,INE104A01012,Equity
KINETICENG,INE266B01017,Equity
ENVAIREL,INE601C01013,Equity
KRIFILIND,INE073A01019,Equity
BARODARY,INE461A01024,Equity
MIDINDIA,INE401C01018,Equity
SPICEJET,INE285B01017,Equity
NAPEROL,INE585A01020,Equity
INDSUCR,INE557C01017,Equity
PANCM,INE167E01037,Equity
PUNJCOMMU,INE609A01010,Equity
RAMAPPR-B,INE425E01013,Equity
RAPICUT,INE350D01015,Equity
SALORAINTL,INE924A01013,Equity
SAMTELIN,INE538C01017,Equity
SKPMIL,INE970C01012,Equity
TPINDIA,INE578C01021,Equity
TRANSCHEM,INE019B01010,Equity
UTLINDS,INE184E01024,Equity
HOCL,INE048A01011,Equity
MPILCORPL,INE844C01027,Equity
TEAM24,INE601A01017,Equity
HINDMOTORS,INE253A01025,Equity
SUNRINV,INE371U01015,Equity
ZGOLDINV,INE598F01014,Equity
DSINVEST,INE422D01012,Equity
KARTKIN,INE524U01019,Equity
LORDSMARK,INE567L01025,Equity
ANTARIKSH,INE825M01017,Equity
JAYBHCR,INE998D01011,Equity
PRISMX,INE286N01028,Equity
RAPIDIN,INE154M01012,Equity
WALCHPF,INE695D01021,Equity
EENTER,INE094R01019,Equity
WHBRADY,INE855A01019,Equity
BOMBCYC,INE691K01017,Equity
MULLER,INE003F01015,Equity
SFTL,INE02ZA01012,Equity
AMALGAM,INE492N01022,Equity
ANANDPROJ,INE134R01013,Equity
INDIANVSH,INE131H01028,Equity
CHOWGULSTM,INE490A01015,Equity
GARWAOFFS,INE446C01013,Equity
DHENUBUILD,INE758D01027,Equity
ASIIL,INE443A01030,Equity
LERTHAI,INE347D01011,Equity
TRIVENIGQ,INE094C01011,Equity
NILACHAL,INE416N01013,Equity
CITADEL,INE906D01014,Equity
NATHIND,INE777A01023,Equity
VAPIENTER,INE464D01014,Equity
ZGAEKWAR,INE837X01027,Equity
FORBESCO,INE518A01013,Equity
HPCOTTON,INE950C01014,Equity
UNITEDINT,INE706D01018,Equity
JAMSHRI,INE462D01034,Equity
KATRSPG,INE498G01015,Equity
LAKSHMIMIL,INE938C01019,Equity
PASUSPG,INE909B01020,Equity
RAJABAH,INE491N01016,Equity
SIMPLXREA,INE167H01014,Equity
VICTMILL,INE203D01016,Equity
ZSVTRADI,INE404N01019,Equity
ZSVARAJT,INE406N01014,Equity
MANGLAM,INE733N01011,Equity
SALSAIN,INE315N01017,Equity
APOLLOIN,INE314N01028,Equity
ZODIACVEN,INE945J01027,Equity
VEERENRGY,INE255E01030,Equity
SW1,INE948K01011,Equity
TILAK,INE026L01022,Equity
UNIJOLL,INE130N01010,Equity
WAGEND,INE786K01023,Equity
MEDIAONE,INE828I01019,Equity
HEALINV,INE160N01017,Equity
SHRENTI,INE475V01012,Equity
MODWOOL,INE380D01012,Equity
MODIPON,INE170C01019,Equity
SHRIDINE,INE204C01024,Equity
SWADPOL,INE243N01029,Equity
SHRAJSYNQ,INE796C01011,Equity
SHRMFGC,INE632A01012,Equity
ZSATYASL,INE07MC01015,Equity
GEE,INE064H01021,Equity
JYOTI,INE511D01012,Equity
JSLINDL,INE581L01018,Equity
KAYCEEI,INE813G01023,Equity
INDOKEM,INE716F01012,Equity
PANAENERG,INE795A01017,Equity
PERMAGN,INE418E01018,Equity
HIGHENE,INE783E01023,Equity
STDBAT,INE502C01039,Equity
DLTNCBL,INE872E01016,Equity
LAKSELEC,INE284C01018,Equity
MODULEX,INE064R01012,Equity
LONGSPUR,INE180M01033,Equity
ZMULTIPU,INE017P01014,Equity
RIDHISYN,INE07LK01010,Equity
GRANDMA,INE927M01029,Equity
ARDIALL,INE0LKP01014,Equity
IDREAM,INE459E01012,Equity
NYSSACORP,INE812K01027,Equity
FLOMIC,INE952M01019,Equity
KRISHNA,INE537L01010,Equity
GANHOLD,INE932M01011,Equity
SJCORP,INE312B01027,Equity
UNIABEXAL,INE361D01012,Equity
BGWTATO,INE106G01014,Equity
BOMBWIR,INE089T01023,Equity
GALADA,INE255C01026,Equity
AZADIND,INE566M01017,Equity
INLCM,INE359D01024,Equity
INFORTEC,INE123E01014,Equity
KAIRA,INE375D01012,Equity
RATHIST,INE336C01016,Equity
DUNCANENG,INE340F01011,Equity
STOVACQ,INE755D01015,Equity
ZWELCAST,INE380G01015,Equity
WMINIMT,INE187U01015,Equity
AUTOPRD,INE0NY101012,Equity
ACGL,INE451C01013,Equity
JAINEX,INE280F01019,Equity
ALFREDHE,INE782D01027,Equity
GGDPROP,INE631D01026,Equity
KPT,INE731D01024,Equity
LAKSHMIEW,INE718M01022,Equity
HARSHILAGR,INE098E01026,Equity
MONOT,INE811D01024,Equity
INTEGRAEN,INE984B01023,Equity
PSITINFRA,INE953M01033,Equity
GHVINFRA,INE809Q01020,Equity
SHYMINV,INE203N01015,Equity
ZHEMHOLD,INE721U01011,Equity
MAHACORP,INE272E01027,Equity
ZKOVALIN,INE735U01011,Equity
MULTIIN,INE886E01016,Equity
SKYLMILAR,INE178E01026,Equity
TAPARIA,INE614R01014,Equity
BRADYM,INE856A01017,Equity
LATIMMETAL,INE501N01020,Equity
HIMTEK,INE705G01021,Equity
HERCULES,INE688E01024,Equity
INTLCOMBQ,INE403C01014,Equity
JOSTS,INE636D01041,Equity
MPCOSEMB,INE860N01012,Equity
ROLCOEN,INE775R01013,Equity
SNL,INE568F01017,Equity
JAIPAN,INE058D01030,Equity
HINDHARD,INE724D01011,Equity
TRITONV,INE440G01017,Equity
SUDAI,INE618D01015,Equity
HVL,INE219D01012,Equity
ZPRBHSTE,INE821R01015,Equity
STANROS,INE441L01015,Equity
ALNATRD,INE07I701011,Equity
VOLKAI,INE820M01018,Equity
PARNAXLAB,INE383L01019,Equity
GOURMET,INE512D01028,Equity
ISHWATR,INE073I01012,Equity
TERRAFORM,INE122V01010,Equity
APIS,INE070K01014,Equity
VELOX,INE092P01017,Equity
EMERGENT,INE668L01013,Equity
GSLTD,INE403B01016,Equity
ZSARVAMA,INE978L01016,Equity
VIKSHEN,INE965V01020,Equity
STARSOURCE,INE320M01019,Equity
JAYCH,INE693E01016,Equity
KELENRG,INE881E01017,Equity
KEMP,INE060E01018,Equity
MPAGI,INE468C01017,Equity
AGVENTURES,INE321D01016,Equity
PBGLOBAL,INE615W01011,Equity
AMAL,INE841D01013,Equity
POLYCHEM,INE752B01024,Equity
ZR2,INE218N01021,Equity
MYSORPETRO,INE741A01011,Equity
TUTIALKA,INE400A01014,Equity
TANFACIND,INE639B01023,Equity
GUJPETR,INE636P01011,Equity
SWADEIN,INE716M01034,Equity
SCBL,INE467X01023,Equity
MAKERSL,INE987A01010,Equity
CONTCHM,INE423K01015,Equity
IGLFXPL-B,INE684U01011,Equity
ADVPETR-B,INE334N01018,Equity
RAJSPTR,INE374C01017,Equity
APTPACK,INE046E01025,Equity
BLUECHIPT,INE472D01017,Equity
JAGAJITIND,INE574A01016,Equity
KESARENT,INE133B01027,Equity
EMERALL,INE044N01021,Equity
RAVALSUGAR,INE615A01025,Equity
KFBL,INE991B01010,Equity
CAPRO,INE470N01010,Equity
PICCASUG,INE544C01023,Equity
CJGEL,INE557D01015,Equity
THAKKERS,INE04VT01017,Equity
CORAGRO,INE495D01018,Equity
KLRFM,INE014E01015,Equity
OLYOI,INE286E01019,Equity
MLKFOOD,INE588G01021,Equity
POLSON,INE339F01021,Equity
SIGNGCL,INE131O01024,Equity
ORIBEVER,INE247F01018,Equity
TGVSL,INE284B01028,Equity
LIMECHM,INE891G01011,Equity
UNTTEMI,INE357P01014,Equity
NOL,INE296D01010,Equity
WIREFABR,INE469D01013,Equity
ANSALHSG,INE880B01015,Equity
COMPUPN,INE607B01012,Equity
ADDIND,INE757C01021,Equity
ASHNOOR,INE372I01018,Equity
EASTBUILD,INE706N01017,Equity
MNPLFIN,INE798E01013,Equity
KIDUJA,INE845A01028,Equity
KEYCORP,INE130F01016,Equity
SHIKHARLETR,INE02BV01019,Equity
GUJHOTE,INE621C01011,Equity
FYNX,INE455H01021,Equity
RASRESOR,INE651D01016,Equity
JOLYPLS,INE289M01016,Equity
PARMCOS-B,INE143I01013,Equity
JINDHOT,INE726D01016,Equity
JPTRLES,INE990E01016,Equity
SIMMOND,INE657D01021,Equity
WARRENTEA,INE712A01012,Equity
COCHMAL,INE788M01017,Equity
BESTEAST,INE553F01035,Equity
ISTLTD,INE684B01029,Equity
NEWMKTAVE,INE800K01014,Equity
NITINCAST,INE861H01020,Equity
NEXOME,INE641A01013,Equity
IRONWOOD,INE791H01011,Equity
PANCARBON,INE013E01017,Equity
HBLEAS,INE549B01016,Equity
SHRICON,INE753D01010,Equity
SULABEN,INE673M01029,Equity
FRONTCAP,INE977E01013,Equity
TRANOCE,INE074J01018,Equity
THAKRAL,INE190F01028,Equity
GOLDLEG,INE088E01019,Equity
VJTFEDU,INE117F01013,Equity
VOLLF,INE763D01019,Equity
NETLINK,INE040F01033,Equity
TRILIANCE,INE778N01016,Equity
INDINFO,INE300B01022,Equity
BANASFN,INE521L01030,Equity
HATHWAYB,INE525B01016,Equity
PHOTON,INE107J01016,Equity
INDAG,INE802D01023,Equity
MMRUBBR-B,INE159E01026,Equity
SEL,INE367E01033,Equity
BENARAS,INE664D01019,Equity
BHAGWOX,INE026I01010,Equity
BOMOXY-B1,INE01TL01014,Equity
CRAVATEX,INE145E01017,Equity
CAPRIHANS,INE479A01018,Equity
EMPIND,INE515H01014,Equity
GARWAMAR,INE925D01014,Equity
HARDCAS,INE722D01015,Equity
ZHINDHSG,INE083O01019,Equity
MODRNSH,INE370A01019,Equity
MAPROIN,INE848M01019,Equity
OSEASPR,INE880P01015,Equity
PREMSYN,INE940N01012,Equity
RJSHAH,INE712Z01019,Equity
SHAHCON,INE02C301011,Equity
SINNAR,INE896E01023,Equity
HINDMILL,INE832D01020,Equity
ZSOUTGAS,INE532U01012,Equity
TECHCON,INE881P01013,Equity
TRADWIN,INE961E01017,Equity
UPHOT,INE726E01014,Equity
SWASTIVI,INE804A01025,Equity
MSLGLOBAL,INE856D01011,Equity
YAMNINV,INE457N01025,Equity
PREMCAP,INE946K01023,Equity
ZMILGFIN,INE679T01013,Equity
ZARCOLEA,INE955S01019,Equity
KUSUMEL,INE175Q01018,Equity
JUMBFNL,INE122N01017,Equity
SAKTHIFIN,INE302E01014,Equity
EASYFIN,INE407F01018,Equity
JMDVL,INE047E01031,Equity
TVOLCON,INE747V01014,Equity
VBDESAI,INE848D01018,Equity
QUADRANT,INE527B01020,Equity
1STCUS,INE609B01018,Equity
KAMANWALA,INE344D01018,Equity
WSFX,INE549D01012,Equity
ANJANIFOODS,INE096I01021,Equity
RKDAGRRTL,INE552N01023,Equity
PARSHWANA,INE635I01018,Equity
RAJVI,INE381N01019,Equity
MILLENNIUM,INE570N01025,Equity
MUNCAPM,INE910G01027,Equity
BOMTALKIES,INE910D01024,Equity
SAGARSYST,INE771Z01015,Equity
ICONIKSPEV,INE088P01015,Equity
INDCEMCAP,INE429D01017,Equity
ADMANUM,INE556D01017,Equity
MEHIF,INE240B01012,Equity
INTRGLB,INE661M01016,Equity
MCLTD,INE410E01015,Equity
SHRISTI,INE472C01027,Equity
GUJCRED,INE034B01019,Equity
SYLPH,INE706F01021,Equity
DHARFIN,INE899D01011,Equity
ALEXANDER,INE191N01012,Equity
SHRYDUS,INE488C01015,Equity
BHARAT,INE900A01013,Equity
USHAKIRA,INE697C01011,Equity
VIVOBIOT,INE380K01017,Equity
VEERHEALTH,INE882C01035,Equity
PANINDIAC,INE376A01032,Equity
SAHARAHOUS,INE135C01012,Equity
NDASEC,INE026C01013,Equity
SUPRATRE,INE533B01028,Equity
GSBFIN,INE777C01011,Equity
MORARKFI,INE367A01015,Equity
PROFINC,INE732K01027,Equity
SANCF,INE654D01010,Equity
CRESCENTIS,INE754C01010,Equity
MANTRA,INE304E01010,Equity
BEFOUNDMOL,INE425F01028,Equity
LIBORDFIN,INE212B01011,Equity
YASHMGM,INE216B01012,Equity
ISLCONSUL,INE569B01022,Equity
RRFIN,INE229D01011,Equity
DJSSS,INE234E01027,Equity
OMEGAIN,INE113B01037,Equity
SUGALDAM,INE309D01011,Equity
NETTLINX,INE027D01019,Equity
BGIL,INE443D01018,Equity
MATHEWE,INE963B01019,Equity
AJCON,INE759C01027,Equity
CHRTEDCA,INE953B01010,Equity
STANCAP,INE625D01028,Equity
YOGI,INE290E01011,Equity
CUBIFIN,INE717D01023,Equity
RELICTEC,INE452B01013,Equity
INVIGO,INE359A01012,Equity
KZLFIN,INE006C01015,Equity
MEHSECU,INE241B01010,Equity
RFL,INE239B01014,Equity
ABIRAFN,INE195I01013,Equity
MANSIFIN,INE094E01017,Equity
AASTAFIN,INE819K01014,Equity
ZNILKENG,INE582V01015,Equity
SOBME,INE754D01018,Equity
TTGIL,INE135H01029,Equity
WINROC,INE837E01019,Equity
ASGARD,INE767M01029,Equity
VEGA,INE603D01017,Equity
SKYBIOTECH,INE393H01016,Equity
ROYALIND,INE510H01015,Equity
DHANSAFAL,INE195E01020,Equity
SHYAM,INE139J01019,Equity
TANDHANIN,INE896J01014,Equity
WARDHEALTH,INE048E01013,Equity
VISVEN,INE762D01011,Equity
MRUTR,INE738D01029,Equity
GDIL,INE425H01016,Equity
CRANESSOFT,INE234B01023,Equity
SAICOM,INE092G01024,Equity
EY,INE750G01019,Equity
TRIPR,INE331E01013,Equity
NIDHGRN,INE276H01013,Equity
AVIVA,INE461H01011,Equity
ROSEMER,INE649C01012,Equity
TWIROST,INE436U01016,Equity
KAJALSY,INE956V01011,Equity
AVANCE,INE758A01072,Equity
MLINDLTD,INE808W01012,Equity
TERRAREAL,INE123V01018,Equity
CAPRICORN,INE968E01012,Equity
VAMA,INE685D01022,Equity
BENTCOM,INE496M01017,Equity
SILVERO,INE798C01017,Equity
CLASELE,INE02BR01017,Equity
PRISMMEDI,INE730E01016,Equity
SPVGLOBAL,INE177E01010,Equity
VERITAS,INE379J01029,Equity
ZNIVITRD,INE552F01011,Equity
ASHCAP,INE894A01026,Equity
SVARTCORP,INE895A01023,Equity
BAJGLOB,INE553H01015,Equity
AVONMERC,INE471D01019,Equity
TASHIND,INE552H01017,Equity
AUTOINT,INE340U01010,Equity
ZSPEEDCO,INE497M01015,Equity
CHMBBRW,INE417N01011,Equity
ZMANSOON,INE776V01013,Equity
TYPHOON,INE2L3M01012,Equity
ARAVALIS,INE068C01015,Equity
LEXGLOBAL,INE745A01012,Equity
CUPIDALBV,INE108G01010,Equity
ZSHERAPR,INE495M01019,Equity
MAGANTR,INE664N01018,Equity
CRSL,INE716D01033,Equity
SERA,INE017I01027,Equity
BENGALS,INE523W01017,Equity
UNIWSEC,INE728J01019,Equity
MERCTRD,INE319T01016,Equity
NIRAVCOM,INE242B01018,Equity
WHITHAL,INE416X01012,Equity
ASUTENT,INE508W01018,Equity
APOLLOFI,INE412D01013,Equity
ESQRMON,INE0HMN01013,Equity
ENBETRD,INE993I01029,Equity
GANONPRO,INE162L01017,Equity
DEVITRD,INE07LH01016,Equity
SHRJAGP,INE564J01026,Equity
PUNCTRD,INE07NX01019,Equity
BETXIND,INE765L01017,Equity
VIRYA,INE661K01010,Equity
DHANCOT,INE977F01010,Equity
OASISEC,INE876A01023,Equity
GARNETINT,INE590B01010,Equity
SHALPRO,INE435E01020,Equity
MEENST,INE721V01019,Equity
VARUNME,INE442U01014,Equity
VINVANI,INE132V01019,Equity
SUPER,INE091C01017,Equity
NEELKANTH,INE581D01015,Equity
ZODJRDMKJ,INE077B01018,Equity
SITAENT,INE579D01019,Equity
PULSRIN,INE183U01022,Equity
MANBRO,INE348N01042,Equity
ASTALLTD,INE307N01014,Equity
HARIAEXPO,INE772B01014,Equity
RLF,INE629C01014,Equity
REGENTRP,INE769D01016,Equity
SAVERA,INE104E01014,Equity
CHROME,INE114E01013,Equity
ZJEETMAC,INE987E01012,Equity
ZHINUDYP,INE582K01018,Equity
REMIEDEL,INE158G01015,Equity
GSAUTO,INE736H01024,Equity
TRANSFRE,INE360D01014,Equity
AMFORG,INE991A01020,Equity
ONIXSOLAR,INE173M01012,Equity
ACROW,INE950D01012,Equity
STLSTRINF,INE205F01016,Equity
JAYUSH,INE289D01015,Equity
IMEC,INE611C01020,Equity
MDRNSTL,INE001F01019,Equity
BELDING,INE363L01045,Equity
GUJTLRM,INE145J01032,Equity
COCHINM,INE105D01013,Equity
INDIAHOMES,INE072A01029,Equity
KVFORGE,INE013J01016,Equity
VALLABHSQ,INE457E01016,Equity
SMFIL,INE728B01032,Equity
BLOIN,INE373E01015,Equity
MAITRI,INE501L01024,Equity
ELANGO,INE594D01018,Equity
KANSHST,INE791E01018,Equity
MAHALXSE,INE257F01017,Equity
SIMPLEXCAS,INE658D01011,Equity
SSWRL,INE387D01025,Equity
SIZEMASTER,INE235U01012,Equity
SOUTHMG,INE308N01012,Equity
BAROEXT,INE927K01023,Equity
GUJCONT,INE276I01011,Equity
PANCHMAHQ,INE798F01010,Equity
ADITYA,INE570B01012,Equity
GLITTEKG,INE741B01027,Equity
TNSTLTU,INE176E01012,Equity
MSCTC,INE277E01026,Equity
SHRDAIS,INE385M01012,Equity
NOVIS,INE608C01026,Equity
STERPOW,INE067E01013,Equity
FFPL,INE617C01027,Equity
TULSYAN,INE463D01016,Equity
AXELPOLY,INE197C01012,Equity
SPECTRA,INE848B01012,Equity
KAJARIR,INE434C01027,Equity
SOLIDSTON,INE584G01012,Equity
SHILGRAVQ,INE960A01017,Equity
WHITEORG,INE146C01019,Equity
MFSINTRCRP,INE614F01019,Equity
RUDRAECO,INE723D01021,Equity
RAJKSYN,INE376L01013,Equity
DEEPAKSP,INE272C01013,Equity
NEWTRAC,INE229N01010,Equity
PBMPOLY,INE501F01018,Equity
ADINATH,INE207C01019,Equity
INDIANACRY,INE862B01013,Equity
CEETAIN,INE760J01012,Equity
RISHYRN,INE351D01013,Equity
STCORP,INE110Q01023,Equity
RAMGOPOLY,INE410D01017,Equity
TTLEL,INE664X01025,Equity
MKVENTURES,INE874A01010,Equity
KUSHIND,INE979D01011,Equity
SRECR,INE377C01010,Equity
SURBHIN,INE899E01019,Equity
SEASONST,INE707B01010,Equity
ZENIFIB,INE106C01013,Equity
BHILSPIN,INE436C01014,Equity
SANTETX,INE589J01015,Equity
VIPPYSP,INE660D01017,Equity
JAIHIND,INE156E01014,Equity
RAGHUSYN,INE969C01022,Equity
JATTAINDUS,INE722N01014,Equity
KAMADGIRI,INE535C01013,Equity
OMNITEX,INE814D01010,Equity
PATSPINLTD,INE790C01014,Equity
ONEGLOBAL,INE670O01013,Equity
NEOINFRA,INE216I01017,Equity
CCME,INE194N01016,Equity
EVERFIN,INE339D01034,Equity
KRRAIL,INE078T01026,Equity
YARNSYN,INE564C01013,Equity
GUJCOTEX,INE004C01028,Equity
GARWSYN,INE340D01016,Equity
ECOHOTELS,INE638N01012,Equity
SARUPINDUS,INE305D01019,Equity
OXFORDIN,INE114D01015,Equity
HINDADH,INE074C01013,Equity
BPAGRI,INE439N01031,Equity
SRIKPRIND,INE009C01019,Equity
JYOTIRES,INE577D01013,Equity
SOUTLAT,INE410M01018,Equity
WINSOMTX,INE837B01031,Equity
MODINSU,INE219W01012,Equity
SEKURITIND,INE068B01017,Equity
MADHUDIN,INE469C01023,Equity
RESTILE,INE298E01022,Equity
DUROPLY,INE932D01010,Equity
AGIOPAPER,INE112C01011,Equity
TAHMARENT,INE385D01029,Equity
KSSMART,INE737E01011,Equity
NATPLY,INE497C01016,Equity
JUMBO,INE699D01015,Equity
SANPA,INE384D01022,Equity
VENTURA,INE810C01044,Equity
SHKARTP,INE538D01015,Equity
STHINPA,INE088G01014,Equity
FAMILYCARE,INE146N01016,Equity
RIR,INE302D01024,Equity
JETKINGQ,INE919C01019,Equity
INDAGIV,INE115E01010,Equity
APLAB,INE273A01015,Equity
PCS,INE834B01012,Equity
SPELS,INE252A01019,Equity
EDVENSWA,INE125G01014,Equity
PERVASIVE,INE443P01038,Equity
SWITCHTE,INE311D01017,Equity
CALCOM,INE216C01010,Equity
DYNAVSN,INE083E01010,Equity
BCCFUBA,INE788D01016,Equity
PRECISIO,INE143C01024,Equity
FINELINE,INE087E01011,Equity
RNITAI,INE335Q01026,Equity
GUJARATPOLY,INE541F01022,Equity
MAGNUS,INE898E01011,Equity
MODMA,INE834C01028,Equity
ACIIN,INE167B01025,Equity
SBECSYS,INE689V01018,Equity
INCAP,INE437C01012,Equity
GUJINTRX,INE877E01015,Equity
REGANTO,INE043B01028,Equity
PANELEC,INE648E01010,Equity
VXLINSTR,INE756A01019,Equity
LEENEE,INE791B01014,Equity
PATELSAI,INE082C01024,Equity
ATHENAGLO,INE576B01019,Equity
NARMP,INE060D01028,Equity
DUTRON,INE940C01015,Equity
MAGNAELQ,INE437D01010,Equity
ELNET,INE033C01019,Equity
ACCEL,INE258C01038,Equity
DHINDIA,INE589D01018,Equity
ALFATRAN,INE209C01015,Equity
NHCFOODS,INE141C01036,Equity
KEERTHI,INE145L01012,Equity
SRICC,INE827D01020,Equity
SURAJ,INE069E01019,Equity
PRSNTIN,INE100E01012,Equity
SHAHFOOD,INE455D01012,Equity
ZKHANDEN,INE687W01010,Equity
RITESHIN,INE534D01014,Equity
VADILENT,INE693D01018,Equity
ASHAI,INE709D01012,Equity
RGRL,INE601N01010,Equity
WILLIMFI,INE188E01017,Equity
AJANTSOY,INE601B01023,Equity
KISAAN,INE102C01020,Equity
SIEL,INE843L01012,Equity
SPTRSHI,INE233P01017,Equity
PRIMAGR,INE297D01018,Equity
TARAI,INE906C01016,Equity
MODAIRY,INE617B01011,Equity
BAMBINO,INE921D01013,Equity
PRIMIND,INE543F01028,Equity
VIKASWSP,INE706A01022,Equity
VSFPROJ,INE923K01014,Equity
BANSTEA,INE856E01019,Equity
POONADAL,INE809E01018,Equity
TRANSFD,INE213P01027,Equity
DATIWARE,INE673U01014,Equity
KMGMILK,INE873N01015,Equity
KSE,INE953E01022,Equity
PIONAGR,INE062E01014,Equity
VIRATCRA,INE295C01014,Equity
IBINFO,INE678B01039,Equity
AMBARPIL,INE072V01017,Equity
CHORDIA,INE975C01011,Equity
CIANAGRO,INE052V01019,Equity
OMEAG,INE112B01013,Equity
TAIIND,INE358D01018,Equity
BKV,INE356C01022,Equity
NCCBLUE,INE630N01019,Equity
ASIANTNE,INE822B01017,Equity
SIMRAN,INE354D01017,Equity
HINDUST,INE092301014,Equity
SURFI,INE565E01016,Equity
INTEGFD,INE177M01013,Equity
LAKESHORE,INE734D01010,Equity
SAMKRG,INE706B01012,Equity
ECSTSTL,INE315F01013,Equity
ABCINDQ,INE125D01011,Equity
BALTE,INE654B01014,Equity
COARO,INE229E01019,Equity
SIBARAUT,INE441C01014,Equity
STARLOG,INE580C01019,Equity
SHVSUIT,INE02Z901011,Equity
TITANIN,INE807M01031,Equity
SOURCEIND,INE695C01015,Equity
ADVLIFE,INE900E01015,Equity
KAKTEX,INE092E01011,Equity
OCTAVE,INE814L01013,Equity
HISARSP,INE689E01014,Equity
PASARI,INE604F01010,Equity
AMARJOTHI,INE484D01012,Equity
OLYMPTX,INE482O01021,Equity
SUDTIND-B,INE691D01012,Equity
SBFL,INE363D01018,Equity
GEMSPIN,INE165F01020,Equity
EUREKAI,INE958A01011,Equity
ADITYASP,INE122D01026,Equity
PRIMEURB,INE419E01024,Equity
DHANFAB,INE953D01016,Equity
SLSTLQ,INE456D01010,Equity
MAXGROW,INE485D01043,Equity
SRMCL,INE306D01017,Equity
SAMTEX,INE931D01020,Equity
CITYMAN,INE117C01010,Equity
DHANROTO,INE220C01012,Equity
SANBLUE,INE602D01027,Equity
UNIROYAL,INE980D01019,Equity
TATIAGLOB,INE083G01031,Equity
SUNILTX,INE124M01015,Equity
SRINACHA,INE443E01016,Equity
BGDL,INE893C01032,Equity
SAMBANDAM,INE304D01012,Equity
MKPMOB,INE676G01024,Equity
CRANEX,INE608B01010,Equity
AUSTENG,INE759F01012,Equity
FLUIDOM,INE459C01016,Equity
EMAINDIA,INE279D01016,Equity
MIVENMACH,INE338P01014,Equity
UVDRHOR,INE890G01047,Equity
VOITHPAPR,INE285C01015,Equity
ARTSON,INE133D01023,Equity
SOLIMAC,INE410A01013,Equity
INDSILHYD,INE867D01018,Equity
ITL,INE478D01014,Equity
RASANDIK,INE682D01011,Equity
YOGISUNG,INE429B01011,Equity
TANAA,INE692C01020,Equity
CONART,INE714D01020,Equity
MINALIND,INE097E01028,Equity
SHIVAGR,INE092H01014,Equity
CENLUB,INE627F01011,Equity
VJLAXMIE,INE466D01019,Equity
AHMDSTE,INE868C01018,Equity
NMSGLOBAL,INE169F01014,Equity
CANDOUR,INE713D01055,Equity
TIGLOB,INE811B01010,Equity
BEMHY,INE142E01022,Equity
ANSALBU,INE030C01015,Equity
BNRSEC,INE710D01028,Equity
RISHITECH,INE989D01010,Equity
ADSDIAG,-,Equity
ZBINTXPP,INE626H01019,Equity
JJFINCOR,INE584C01011,Equity
COSMOFE,INE124B01018,Equity
CROPSTER,INE293E01031,Equity
FUTURSEC,INE425D01015,Equity
SANCTRN,INE391G01012,Equity
THRIVE,INE628D01014,Equity
MEDICAPQ,INE442D01010,Equity
OTCO,INE910B01028,Equity
FOSECOC,INE599F01020,Equity
BAPACK,INE00FM01013,Equity
SRMENERGY,INE173J01018,Equity
CONTPTR,INE369D01023,Equity
NBFOOT,INE006F01018,Equity
MACPLASQ,INE082B01018,Equity
RAMAVISION,INE763B01013,Equity
SHRIGANG,INE241V01018,Equity
PURITY,INE898O01010,Equity
MICROSE,INE809F01015,Equity
MINID,INE281E01028,Equity
HOM,INE982C01033,Equity
ADCINDIA,INE833A01016,Equity
SUNRAJDI,INE459D01014,Equity
INDBNK,INE969D01012,Equity
JAIMATAG,INE250C01027,Equity
LOTUSCHO,INE026D01011,Equity
PACIFICI,INE883C01025,Equity
CMMHOSP,INE889F01017,Equity
UNIOFFICE,INE951C01012,Equity
APMIN,INE170D01025,Equity
KRYPTONQ,INE951B01014,Equity
SWISSMLTRY,INE010C01025,Equity
MARBU,INE199D01016,Equity
INDTONER,INE826B01018,Equity
KUNSTOFF,INE638D01021,Equity
PHRMASI,INE486I01016,Equity
IPRINGLTD,INE558A01019,Equity
YASHINNO,INE823D01011,Equity
KKPLASTICK,INE465K01016,Equity
WATERBASE,INE054C01015,Equity
FLEXFO,INE954B01018,Equity
GOLKUNDIA,INE798D01015,Equity
FORTISMLR,INE842B01015,Equity
SVAMSOF,INE119B01018,Equity
ECOBOAR,INE866A01016,Equity
TIHIL,INE502D01011,Equity
MITSHI,INE844D01017,Equity
SHUKJEW,INE344E01016,Equity
SOVERDIA,INE959D01013,Equity
MUKATPIP,INE862C01029,Equity
INNOVTEC,INE965C01038,Equity
SUPTANERY,INE460D01038,Equity
CONSTRONIC,INE537B01011,Equity
AXTEL,INE767C01012,Equity
EASTINDIA,INE191C01023,Equity
MEGAMONT,INE317D01014,Equity
PATIDAR,INE637N01014,Equity
VENLONENT,INE204D01022,Equity
PETPLST,INE704F01018,Equity
PANIDPR,INE181D01014,Equity
HARLETH,INE681F01018,Equity
PCCOSMA,INE417E01010,Equity
TCMLMTD,INE034F01010,Equity
KESARPE,INE133C01033,Equity
LACTOSE,INE058I01013,Equity
TEEAI,INE757D01011,Equity
PNTKYOR,INE702E01015,Equity
RESONANCE,INE486D01017,Equity
GUJINJEC,INE659F01022,Equity
AIMCOPEST,INE008B01013,Equity
GUJTERC,INE499G01013,Equity
KABRADG,INE323K01017,Equity
SHHARICH,INE065E01017,Equity
ISHITADR,INE806D01016,Equity
UNIVSTAR,INE113E01015,Equity
NORRIS,INE744C01029,Equity
ASINPET,INE810M01019,Equity
CAMEXLTD,INE198C01010,Equity
EVEXIA,INE313M01030,Equity
INDOEURO,INE319N01019,Equity
RIDDHI,INE249D01019,Equity
SVCIND,INE038B01010,Equity
RAAJMEDI,INE548H01015,Equity
REVAMEDIA,INE270D01015,Equity
CORALAB,INE683E01017,Equity
TULASEEBIOE,INE276N01011,Equity
BACPHAR,INE711D01018,Equity
KMCSHIL,INE879K01018,Equity
LAFFANSQ,INE919B01011,Equity
BHASKAGR,INE972C01018,Equity
SHARMEH,INE465H01012,Equity
GAYATRIBI,INE052E01015,Equity
PHARMAID,INE117D01018,Equity
VIVIDIND,INE737C01023,Equity
PRIYALT,INE686C01014,Equity
TIRUSTA,INE314D01011,Equity
JAYSYNTH,INE263B01022,Equity
AEONXDIGI,INE994D01010,Equity
BANDARAM,INE875N01036,Equity
ADLINE,INE276T01018,Equity
BERLDRG,INE415H01017,Equity
INDXTRA,INE056E01024,Equity
ISTRNETWK,INE532B01020,Equity
GAGAN,INE076D01016,Equity
PARKERAC,INE750B01010,Equity
SHUKRAPHAR,INE551C01044,Equity
ALUFLUOR,INE058F01019,Equity
OXYGENTAPH,INE102E01018,Equity
ARCHITORG,INE078I01011,Equity
WELCURE,INE331C01025,Equity
BIBCL,INE994B01014,Equity
KABSON,INE645C01010,Equity
BASANTGL,INE473E01021,Equity
SANDUPHQ,INE751D01014,Equity
VISTAPH,INE427C01021,Equity
TITANBIO,INE150C01029,Equity
ARVAYA,INE491D01017,Equity
SDL,INE004E01016,Equity
JENBURPH,INE354A01013,Equity
LINKPH,INE302F01011,Equity
DECIPHER,INE643N01012,Equity
EMMESSA,INE634B01016,Equity
EVERESTO,INE334C01029,Equity
PHYTO,INE037C01010,Equity
DYNAMIND,INE457C01010,Equity
BDH,INE278D01018,Equity
JAUSPOL,INE593O01017,Equity
GLOBUSCON,INE064L01015,Equity
POLYCHMP,INE809B01014,Equity
STELLANT,INE395F01023,Equity
GALXBRG,INE020S01012,Equity
VINRKLB,INE092O01028,Equity
SCAGRO,INE895E01017,Equity
RALEGRA,INE427E01027,Equity
UNRYLMA,INE602H01010,Equity
KARANWO,INE327D01013,Equity
SHERVANI,INE011D01013,Equity
SUPERTEX,INE881B01054,Equity
SHETR,INE278C01010,Equity
TRABI,INE773D01018,Equity
MPL,INE343A01016,Equity
NIKHILAD,INE926C01022,Equity
SPENTA,INE175C01018,Equity
MULTIBASE,INE678F01014,Equity
ANDREWYU,INE449C01025,Equity
LUDLOWJUT,INE983C01015,Equity
ASHRAM,INE293C01019,Equity
ROYALCU,INE618A01011,Equity
SURJIND,INE170U01011,Equity
BLOOM,INE253C01013,Equity
STDSFAC,INE307D01015,Equity
MORGAN,INE902C01015,Equity
AMRAPLIN,INE762C01021,Equity
MIDEASTP,INE033E01015,Equity
CRSTCHM,INE293N01016,Equity
DIVSHKT,INE410G01010,Equity
ADVMULT,INE875S01019,Equity
SHREYASI,INE115F01017,Equity
PANJON,INE744D01019,Equity
CRAFTROOT,INE218T01010,Equity
DUROPACK,INE138B01018,Equity
SWARNSAR,INE967A01012,Equity
CINDHO,INE908C01012,Equity
HAMPTON,INE299D01022,Equity
KKALPANAIND,INE301C01028,Equity
OKPLA,INE870B01024,Equity
WELTI,INE662D01013,Equity
ASMTEC,INE867C01010,Equity
PERFEPA,INE759I01024,Equity
AMBIT,INE267C01013,Equity
VISIONCINE,INE515B01025,Equity
AEIM,INE072B01027,Equity
INDRANIB,INE007C01021,Equity
EUROLED,INE940E01011,Equity
WINSOMBR,INE391C01011,Equity
ELEFLOR,INE152E01013,Equity
SAENTER,INE118B01010,Equity
SKYIND,INE765B01018,Equity
PHOENXINTL,INE245B01011,Equity
BHUDEVI,INE432N01010,Equity
PRATIK,INE206C01029,Equity
RISHIROOP,INE582D01013,Equity
PROMACT,INE818D01011,Equity
STRGRENWO,INE398F01019,Equity
SHAHISHIP,INE825D01016,Equity
ALPINEHOU,INE840D01015,Equity
WWALUM,INE550D01010,Equity
IIRM,INE670C01026,Equity
SFPIL,INE716K01020,Equity
SGLRES,INE967B01028,Equity
CHOKSILA,INE493D01013,Equity
SALGUTI,INE159C01012,Equity
REMAGNET,INE519N01014,Equity
ENTRINT,INE439G01019,Equity
PHOTOQUP,INE813B01016,Equity
LIPPISYS,INE845B01018,Equity
EXPOEAPL,INE561D01025,Equity
NATPLAS,INE233D01013,Equity
MFLINDIA,INE244C01020,Equity
AJWAFUN,INE863E01015,Equity
TEXELIN,INE594V01028,Equity
RAYALEMA,INE008C01011,Equity
TIRTPLS,INE008N01018,Equity
ECOPLAST,INE423D01010,Equity
ELEMARB,INE095B01010,Equity
BITS,INE839A01021,Equity
ADARSHPL,INE627D01016,Equity
HPBL,INE136C01044,Equity
NICCOPAR,INE653C01022,Equity
NTCIND,INE920C01017,Equity
GARNET,INE797D01017,Equity
BRIGHTBR,INE630D01010,Equity
SHAWGELTIN,INE869A01010,Equity
PGFOILQ,INE078D01012,Equity
GRATEXI,INE915E01013,Equity
VELHO,INE548D01014,Equity
HOWARHO,INE931B01016,Equity
VALIANT,INE760B01019,Equity
MHSGRMS,INE007G01014,Equity
RAGHUNAT,INE753B01014,Equity
RAJINFRA,INE016C01014,Equity
SPICEISLIN,INE882D01017,Equity
SIPL,INE413C01013,Equity
SHAKTIPR,INE794C01016,Equity
ASHSI,INE338C01012,Equity
AREXMIS,INE480H01011,Equity
ISFL,INE973B01026,Equity
RISHILASE,INE988D01012,Equity
JAINCO,INE966C01010,Equity
KUMPFIN,INE795E01019,Equity
INTECCAP,INE017E01018,Equity
RAJSEC,INE184D01026,Equity
SIDDHEGA,INE797C01019,Equity
SHIKHAR,INE641B01011,Equity
INDOCRED,INE147D01015,Equity
MKTCREAT,INE944C01017,Equity
HFIL,INE552B01010,Equity
SONALAD,INE344I01017,Equity
PADMAIND,INE743D01011,Equity
HRYNSHP,INE400G01011,Equity
KALIND,INE377D01018,Equity
VAICC,INE116E01018,Equity
TYROON,INE945B01016,Equity
WOODSVILA,INE374J01020,Equity
LASTMILE,INE404B01022,Equity
GUJCRAFT,INE372D01019,Equity
HEERAISP,INE025D01013,Equity
DHOOTIN,INE313G01016,Equity
CRIMSON,INE318P01016,Equity
SHREEPAC,INE847D01010,Equity
SAMYAKINT,INE607G01011,Equity
AADIIND,INE563D01013,Equity
SPARKLEGR,INE618F01010,Equity
ACKNIT,INE326C01017,Equity
TITANSEC,INE090D01017,Equity
REALECO,INE055E01034,Equity
VIVANZA,INE984E01035,Equity
YASHRAJC,INE095C01018,Equity
LORDSHOTL,INE689J01013,Equity
PURETROP,INE795D01011,Equity
ACEEDU,INE715F01014,Equity
ANUPAM,INE069B01023,Equity
RAJPACK,INE639C01013,Equity
NATRAJPR,INE444D01016,Equity
SAMRATPH,INE103E01016,Equity
NPRFIN,INE446D01011,Equity
AMCOIND,INE924B01011,Equity
KREONFIN,INE302C01018,Equity
GYANDEV,INE487G01018,Equity
KISAN,INE017C01012,Equity
KERALAYUR,INE817B01025,Equity
MONGIPA,INE153K01018,Equity
MOHITPPR,INE388C01017,Equity
DAULAT,INE108C01019,Equity
ODYSSEY,INE213B01019,Equity
RSCINT,INE015F01019,Equity
SURATRAML,INE936A01025,Equity
ATHARVENT,INE354E01031,Equity
FUNDVISER,INE365H01014,Equity
KALLAM,INE629F01025,Equity
BRAWN,INE899B01015,Equity
FORINTL,INE501D01013,Equity
KINGSINFR,INE050N01010,Equity
SWOJAS,INE295B01016,Equity
NUTRICIRCLE,INE536C01029,Equity
SUBSM,INE690D01014,Equity
AUROLAB,INE292C01011,Equity
KJMCFIN,INE533C01018,Equity
ARYAMAN,INE032E01017,Equity
BRIDGESE,INE958C01025,Equity
RISAINTL,INE001O01029,Equity
RAJTUBE,INE497E01020,Equity
KAYPOWR,INE961B01013,Equity
INTSTOIL,INE003B01014,Equity
GLOBALCA,INE062C01042,Equity
SAINIK,INE584B01013,Equity
ARIGATO,INE021N01011,Equity
RICHUNV,INE652D01014,Equity
QUANTDIA,INE373C01019,Equity
SPCAPIT,INE102F01015,Equity
PAOS,INE791C01012,Equity
SHRAJOI,INE418K01015,Equity
CHANDRAP,INE368D01025,Equity
KIMIABL,INE285U01025,Equity
HINDTIN,INE428D01019,Equity
GODAVARI,INE362C01012,Equity
MUKESHB,INE596B01017,Equity
KBSINDIA,INE883D01023,Equity
PRABHHANS,INE428P01013,Equity
VAMSHIRU,INE380C01014,Equity
VINYOFL,INE526H01011,Equity
JINDCAP,INE356F01017,Equity
EPIC,INE932F01015,Equity
SUMEDHA,INE886B01012,Equity
KUWERIN,INE430F01010,Equity
CHOKSI,INE865B01016,Equity
ASHISHPO,INE831C01016,Equity
SHIVAAGRO,INE960E01019,Equity
SIDDHA,INE140C01012,Equity
KIRANSY-B,INE293D01017,Equity
SUMERUIND,INE764B01029,Equity
RUNGTAIR,INE347C01013,Equity
GTTDATA,INE959B01017,Equity
VALSONQ,INE808A01018,Equity
SABOOSOD,INE440C01016,Equity
GSLSEC,INE721D01017,Equity
VIKRAMTH,INE337E01010,Equity
STRATMONT,INE473C01025,Equity
VIRAT,INE467D01017,Equity
RRETAIL,INE786J01033,Equity
TERAI,INE390D01011,Equity
MANRAJH,INE948I01015,Equity
COSCO,INE949B01018,Equity
KENFIN,INE395E01018,Equity
NCLRESE,INE132F01038,Equity
EXPLICITFIN,INE335G01019,Equity
LADDERUP,INE519D01015,Equity
EKAMLEA,INE906L01025,Equity
SWASTIKA,INE691C01022,Equity
PRIMAPLA,INE573B01016,Equity
TELECANOR,INE381G01013,Equity
JAGSONSER,INE582C01015,Equity
GARGFUR,INE194E01015,Equity
SAMPRE,INE375C01022,Equity
AAIL,INE864E01021,Equity
VIPULORG,INE834D01018,Equity
ECORECO,INE316A01038,Equity
GOYALASS,INE912B01032,Equity
ZENITHHE,INE812B01026,Equity
YORKEXP,INE057Q01018,Equity
LYKISLTD,INE624M01014,Equity
PRIMEPRO,INE233C01023,Equity
ZENLABS,INE546F01013,Equity
ANIRIT,INE161F01011,Equity
GOWRALE,INE225G01012,Equity
JAGANLAM,INE144C01014,Equity
ASITCFIN,INE041B01014,Equity
ENCODE,INE900O01014,Equity
SUPERBAK,INE897A01011,Equity
OVOBELE,INE812S01012,Equity
CHALLANI,INE807A01010,Equity
CORNE,INE715D01019,Equity
SHENTRA,INE0OUS01011,Equity
AGARWAL,INE510B01018,Equity
DYNAMICP,INE118C01018,Equity
INLANPR,INE055O01033,Equity
CEEJAY,INE358C01010,Equity
SUNCITYSY,INE584D01019,Equity
SHGANEL,INE400N01017,Equity
ANNAINFRA,INE336D01014,Equity
OIVL,INE125F01032,Equity
BNRUDY,INE355C01016,Equity
SSPDL,INE838C01011,Equity
DAIKAFFI,INE789B01018,Equity
CILSEC,INE830A01012,Equity
CLIOINFO,INE011B01017,Equity
SUNSHIEL,INE199E01014,Equity
HIPOLIN,INE963A01011,Equity
GDLLEAS,INE545E01018,Equity
ABVL,INE485K01022,Equity
SUCROSA,INE366G01022,Equity
NGIND,INE825C01018,Equity
ASIAPAK,INE784M01016,Equity
SICAPIT,INE417F01017,Equity
ERPSOFT,INE308B01017,Equity
RRSECUR,INE474H01014,Equity
INTETHR,INE038N01015,Equity
RAMSONS,INE609D01014,Equity
HARAFIN,INE737G01016,Equity
STANPACK,INE457D01018,Equity
RAMINFO,INE357B01022,Equity
SUNILAGR,INE224D01012,Equity
DIANATEA,INE012E01035,Equity
ALFAICA,INE042C01010,Equity
SKCIL,INE260E01014,Equity
INDIAHOME,INE274E01015,Equity
ROOPAIND,INE443C01010,Equity
SARTHAKGL,INE075H01019,Equity
UNIQUEO,INE333E01019,Equity
SWRNASE,INE595G01018,Equity
VENMAX,INE154G01022,Equity
ARISE,INE190D01015,Equity
VISAGAR,INE309H01038,Equity
LIBORD,INE267E01019,Equity
REGAL,INE101E01010,Equity
EBIX,INE432F01032,Equity
SWADHATURE,INE0P4R01017,Equity
COMPEAU,INE823B01015,Equity
ZDHJERK,INE239F01015,Equity
NEELKAN,INE741D01015,Equity
VINTAGES,INE153C01015,Equity
CONTILI,INE080G01029,Equity
VIJSOLX,INE362D01010,Equity
NIHARINF,INE876E01033,Equity
UNITDCR,INE858C01027,Equity
CENTUPLE,INE396H01019,Equity
GOTHIPL,INE538G01018,Equity
CEENIK,INE418D01010,Equity
KATIPATANG,INE237C01016,Equity
MENAMANI,INE148B01033,Equity
INANI,INE635D01027,Equity
GEMSI,INE503D01027,Equity
ELFORGE,INE158F01017,Equity
DILIGENT,INE650C01036,Equity
EPSOMPRO,INE601F01016,Equity
ALFAVIO,INE883B01027,Equity
ORGCOAT,INE412E01011,Equity
CATVISION,INE660B01011,Equity
KEMISTAR,INE971L01029,Equity
ASSOCER,INE771E01010,Equity
SKPSEC,INE709B01016,Equity
SYSCHEM,INE121D01036,Equity
MEFCOMCAP,INE186C01023,Equity
HEMANG,INE930A01010,Equity
EFORU,INE355H01015,Equity
FILTRON,INE589N01017,Equity
GLANCE,INE580D01017,Equity
TRADEWELL,INE819G01012,Equity
SPRIGHT,INE179O01031,Equity
COLINZ,INE923C01011,Equity
NLFL,INE606C01012,Equity
RTSPOWR,INE005C01017,Equity
SHYAMACOMP,INE861E01019,Equity
MAYURFL,INE262W01012,Equity
ANJANI,INE364D01032,Equity
DECOMIC,INE907E01010,Equity
RANDER,INE821D01031,Equity
RASIELEC,INE822D01021,Equity
SCOOBEEDAY,INE962E01015,Equity
CITIPOR,INE494D01011,Equity
DHRUVCA,INE972E01014,Equity
PRIMAIN,INE723N01012,Equity
INDGELA,INE342D01012,Equity
OPTIFIN,INE031G01022,Equity
PARAGONF,INE015E01012,Equity
PRATIKSH,INE530D01012,Equity
ESHAMEDIA,INE328F01016,Equity
EQUILATERA,INE060N01019,Equity
B2BSOFT,INE151B01011,Equity
NIKKIGL,INE526C01012,Equity
RADHEDE,INE986B01044,Equity
KINETRU,INE674M01019,Equity
ELIXIR,INE785D01012,Equity
TRISHAKT,INE238C01022,Equity
PANKAJPO,INE698B01011,Equity
MARBLE,INE807H01023,Equity
CINDRELL,INE897D01015,Equity
ADHHATA,INE586D01014,Equity
NATPLASTI,INE896D01017,Equity
LEADFIN,INE531D01010,Equity
NATFIT,INE643C01015,Equity
ARTEFACT,INE885B01014,Equity
TUSALDAH,INE319M01011,Equity
NUTECGLOB,INE960H01012,Equity
DHPIND,INE590D01016,Equity
AVAILFC,INE325G01010,Equity
INTCAPL,INE366H01012,Equity
MGIL,INE368C01019,Equity
JAYIND,INE250D01017,Equity
ROSELABS,INE475C01012,Equity
KRETTOSYS,INE128R01023,Equity
VIKALPS,INE186E01011,Equity
MILESTONE,INE151H01018,Equity
BERVINL,INE348I01018,Equity
GUJINV,INE373D01017,Equity
EASTRED,INE500D01015,Equity
PEETISEC,INE328D01011,Equity
SRAMSET,INE777G01012,Equity
GOLECHA,INE427D01011,Equity
EKANSH,INE005E01013,Equity
SPAR,INE960B01015,Equity
CSURGSU,INE405H01018,Equity
HASTIFIN,INE671D01014,Equity
UPSURGE,INE890B01014,Equity
PADAMCO,INE448D01025,Equity
WOMENNET,INE905B01010,Equity
POLYCON,INE262C01014,Equity
SOURCENTRL,INE679C01027,Equity
GGAUTO,INE493B01017,Equity
LWSKNIT,INE281M01013,Equity
ANSINDUS,INE234J01018,Equity
TUNITEX,INE560D01027,Equity
RADIXIND,INE576N01014,Equity
NARPROP,INE603F01012,Equity
MEGACOR,INE804B01023,Equity
BMBMUMG,INE644K01016,Equity
SYTIXSE,INE07P301011,Equity
SUNGOLD,INE271D01013,Equity
SAFFRON,INE474D01013,Equity
PWASML,INE523I01016,Equity
LYONSCO,INE100F01019,Equity
POLYLINK,INE323D01020,Equity
MINAXI,INE952C01028,Equity
BOSTON,INE109B01019,Equity
CONTICON,INE545B01022,Equity
NOUVEAU,INE317B01042,Equity
DUKEOFS,INE397G01019,Equity
CYBELEIND,INE183D01010,Equity
FILME,INE600B01033,Equity
CGVAK,INE084D01010,Equity
ESARIND,INE404L01039,Equity
MARIS,INE866D01010,Equity
INDERGR,INE628F01019,Equity
SKRABUL,INE561E01015,Equity
STEP2COR,INE623D01015,Equity
ORIENTTR,INE681D01039,Equity
VIKASPROP,INE767B01022,Equity
DESHRAK,INE971E01016,Equity
ACESOFT,INE849B01010,Equity
SOFTRAKV,INE562E01021,Equity
ACCEDERE,INE578B01015,Equity
MIZVEN,INE681K01026,Equity
RISHDIGA,INE864D01015,Equity
MAINFRA,INE392G01028,Equity
KOBO,INE881A01015,Equity
JHACC,INE865D01012,Equity
RAGHUTOB,INE754B01012,Equity
DRL,INE193D01019,Equity
AMITSEC,INE137E01014,Equity
PUSHPIN,NA,Equity
ASHUTPM,INE723K01018,Equity
SANJIVIN,INE860D01013,Equity
RANJITSE,INE863D01017,Equity
VASINFRA,INE192C01013,Equity
KMFBLDR,INE580H01026,Equity
BERYLSE,INE508J01015,Equity
RAP,INE483D01014,Equity
DEVINE,INE455C01014,Equity
BAMPSL,INE802A01037,Equity
GENPHARMA,INE861N01036,Equity
INCON,INE507D01010,Equity
MIDPOLY,INE046M01036,Equity
GOGIACAPGL,INE832C01014,Equity
GORANIN,INE792J01015,Equity
KGPETRO,INE902G01016,Equity
UFMINDL,INE832E01010,Equity
MAL,INE100C01024,Equity
OROSMITHS,INE628B01034,Equity
TEJASSVI,INE173E01019,Equity
SILVOAK,INE870J01019,Equity
SICL,INE936N01010,Equity
TOKYOFIN,INE546D01018,Equity
NATGENI,INE654H01011,Equity
UVS,INE528C01018,Equity
ABATEAS,INE454E01013,Equity
HITTCO,INE863C01019,Equity
YUVRAAJHPL,INE139D01020,Equity
RRMETAL,INE117K01013,Equity
VISIONCO,INE661D01015,Equity
KARNAWATI,INE214D01021,Equity
INANISEC,INE224C01014,Equity
ANKIN,INE067C01025,Equity
EMROCK,INE554H01021,Equity
MAYUR,INE799E01011,Equity
AMERISE,INE673C01020,Equity
FRONTFN,INE776R01011,Equity
PRITHVIEXCH,INE621B01021,Equity
KHYATI,INE593B01030,Equity
RAINBOWF,INE230F01014,Equity
VSDCONF,INE489F01016,Equity
TRICOMFRU,INE843F01014,Equity
PANCHSHEEL,INE316G01019,Equity
PRISMFN,INE429Q01019,Equity
GREENCREST,INE414C01045,Equity
GENNEX,INE509C01026,Equity
HIRAUTO,INE258Z01013,Equity
GINISILK,INE548B01018,Equity
BIOGEN,INE703D01023,Equity
GKCONS,INE131D01019,Equity
UNJHAFOR,INE576D01015,Equity
PFLINFOTC,INE600F01018,Equity
SHRADDHA,INE311M01018,Equity
KACHCHH,INE059E01010,Equity
PADALPO,INE630U01014,Equity
KACL,INE229G01022,Equity
KCLINFRA,INE469F01026,Equity
SESHACHAL,INE331F01028,Equity
SCANPRO,INE393D01015,Equity
PRERINFRA,INE426H01014,Equity
METALCO,INE161E01014,Equity
SGNTE,INE266C01023,Equity
GANGAPA,INE278O01015,Equity
TIRSARJ,INE297J01023,Equity
MUNOTHFI,INE348D01019,Equity
RODIUM,INE513E01024,Equity
NAGTECH,INE793H01017,Equity
NATHUEC,INE487B01019,Equity
IECEDU,INE172B01017,Equity
INDUSFINL,INE935D01013,Equity
TRINITYLEA,INE884X01011,Equity
ORIRAIL,INE457G01029,Equity
JOINDRE,INE024B01010,Equity
BHARATAGRI,INE842D01029,Equity
UNITINT,INE929K01011,Equity
SACHEMT,INE433G01020,Equity
POPULARES,INE370C01015,Equity
ANJANIFIN,INE283D01018,Equity
SVAINDIA,INE763K01014,Equity
REXNORD,INE687C01012,Equity
NWIL,INE882B01037,Equity
SAWACA,INE248B01023,Equity
CCLINTER,INE778E01031,Equity
GALLOPENT,INE755J01012,Equity
CROISSANCE,INE587J01027,Equity
JOJO,INE312M01016,Equity
GALAGEX,INE803L01016,Equity
HINDAPL,INE02XD01011,Equity
DHAMPURE,INE956B01013,Equity
SHAQUAK,INE545N01019,Equity
GOLCA,INE595D01015,Equity
SARTHAKIND,INE074H01012,Equity
SAICAPI,INE531X01018,Equity
BLUECHIP,INE657B01025,Equity
LEXORAA,INE185D01015,Equity
CHADPAP,INE669W01018,Equity
VERTEX,INE316D01024,Equity
RIBATEX,INE811H01017,Equity
NEWINFRA,INE997D01021,Equity
SHREMETAL,INE914B01012,Equity
IITLPROJ,INE786E01018,Equity
CHLOGIST,INE558F01026,Equity
HINDALUMI,INE227B01019,Equity
SPECFOOD,INE547C01018,Equity
DECPO,INE132E01015,Equity
AMRAAGRI,INE735C01027,Equity
AUTOPINS,INE706C01028,Equity
ODYCORP,INE839E01023,Equity
IKOMA,INE164D01010,Equity
INDCTST,INE146H01018,Equity
SAMINDUS,INE653D01012,Equity
SHVFL,INE981C01019,Equity
POOJAENT,INE147C01017,Equity
GRAVITY,INE995A01013,Equity
ESPIRE,INE176O01011,Equity
AARCON,INE056J01015,Equity
ZENOTECH,INE486F01012,Equity
HINDBIO,INE597C01021,Equity
FRONTCORP,INE092D01013,Equity
WALLFORT,INE121B01014,Equity
TRUSTEDGE,INE398H01015,Equity
ABHICAP,INE516F01016,Equity
GUJJUBHAI,INE311N01016,Equity
MONIND,INE407E01029,Equity
SHKALYN,INE079N01019,Equity
ATVOENT,INE219M01021,Equity
EPUJA,INE807D01030,Equity
INDOCITY,INE456B01014,Equity
SBECSUG,INE948G01019,Equity
BRIJLEAS,INE957E01031,Equity
BSELALGO,INE395A01016,Equity
RELIABVEN,INE419H01019,Equity
TRIUMPIN,INE382B01012,Equity
SMCREDT,INE440E01012,Equity
MOHITE,INE154B01023,Equity
HOTLSILV,INE731B01010,Equity
JOHNPHARMA,INE560F01022,Equity
TRESCON,INE088D01011,Equity
GUJSTATFIN,INE944A01011,Equity
MINOLTAF,INE514C01026,Equity
OMKARPH,INE501C01015,Equity
GAYATRI,INE622E01023,Equity
CMXLTD,INE027F01014,Equity
BENGALT,INE665D01016,Equity
TCIIND,INE920B01019,Equity
LANDMARC,INE394C01023,Equity
TCFCFINQ,INE389D01013,Equity
INTEGHIT,INE934A01012,Equity
KJMCCORP,INE602C01011,Equity
GROARC,INE042B01012,Equity
VAARAD,INE418B01048,Equity
SHIVACEM,INE555C01029,Equity
DANLAW,INE310B01013,Equity
HBPOR,INE638B01025,Equity
OMNIAX,INE369B01019,Equity
MADALA,INE002B01016,Equity
PADMALAYAT,INE243B01016,Equity
VIRGOGLOB,INE400B01020,Equity
PICTUREHS,INE448B01029,Equity
HITKITGLO,INE309B01023,Equity
NAGPI,INE099E01016,Equity
WEPSOLN,INE434B01029,Equity
UNIVARTS,INE464B01018,Equity
FIRSTFIN,INE683B01047,Equity
BABA,INE893A01036,Equity
TYCHE,INE443B01012,Equity
KONNDOR,INE971A01014,Equity
USGTECH,INE718B01017,Equity
4THGEN,INE739B01039,Equity
7TEC,INE856B01023,Equity
TRANSCOR,INE330E01023,Equity
GENUSPRIME,INE256D01014,Equity
SANINFRA,INE799C01049,Equity
TSPIRITUAL,INE541C01037,Equity
SHALIWIR,INE655D01025,Equity
HAZOOR,INE550F01049,Equity
MPFSL,INE095E01022,Equity
BEEYU,INE052B01011,Equity
FACORALL,INE828G01013,Equity
PBAINFRA,INE160H01019,Equity
CELLA,INE266H01014,Equity
MPDL,INE493H01014,Equity
GTNTEX,INE302H01017,Equity
AICHAMP,INE768E01024,Equity
ELAND,INE311H01018,Equity
JAGJANANI,INE702H01018,Equity
LEHAR,INE976H01018,Equity
HARYNACAP,INE928H01019,Equity
VTMLTD,INE222F01029,Equity
PARLEIND,INE272G01014,Equity
RATHIBAR,INE575I01016,Equity
PORWAL,INE386I01018,Equity
GOKAKTEX,INE642I01014,Equity
TELOGICA,INE778I01024,Equity
CHLLTD,INE790D01020,Equity
BIRLACOT,INE655I01032,Equity
LGBFORGE,INE201J01017,Equity
SIMPLXMIL,INE457H01027,Equity
SIMPLXPAP,INE456H01029,Equity
VEDAVAAG,INE359B01010,Equity
PEIL,INE429K01012,Equity
SURYAAMBA,INE360J01011,Equity
SPSL,INE318K01025,Equity
YUNIKM,INE143K01019,Equity
COROENGG,INE312J01012,Equity
SATCH,INE639K01016,Equity
GKB,INE265D01015,Equity
SEATV,INE351L01016,Equity
RDBIPL,INE245L01028,Equity
KTIL,INE096L01025,Equity
TRUEGREEN,INE672K01025,Equity
VMS,INE932K01015,Equity
ENKEIWHEL,INE130L01014,Equity
LESHAIND,INE050L01048,Equity
RDBRL,INE123M01017,Equity
FERVENTSYN,INE258M01011,Equity
PMCFIN,INE793G01035,Equity
FUTSOL,INE241F01011,Equity
AIML,INE123D01024,Equity
PYXISFIN,INE883L01018,Equity
OLPCL,INE550L01013,Equity
MAXHEIGHTS,INE393F01010,Equity
LOOKS,INE204N01013,Equity
META,INE958L01034,Equity
AMTL,INE436N01029,Equity
JUPITERIN,INE524N01014,Equity
VINAYAKPOL,INE581M01016,Equity
JOINTECAED,INE131N01018,Equity
COMCL,INE456N01019,Equity
SHANTIGURU,INE892L01019,Equity
CASPIAN,INE176N01039,Equity
AERPACE,INE175N01023,Equity
VIRTUALG,INE247C01023,Equity
TRIOMERC,INE234G01022,Equity
CDG,INE198N01017,Equity
ISERA,INE899M01020,Equity
MUKTA,INE160O01031,Equity
MYSTICELE,INE159O01033,Equity
COMFINCAP,INE274M01026,Equity
BMAL,INE583M01012,Equity
LAKHOTIA,INE191O01010,Equity
GCMSECU,INE168O01026,Equity
PRIMECAPM,INE748D01010,Equity
KIFS,INE902D01013,Equity
SVGLOBAL,INE159L01013,Equity
SDC,INE807O01011,Equity
OONE,INE860E01011,Equity
IFINSEC,INE474O01010,Equity
BRAHMINFRA,INE320I01017,Equity
AMPVOLTS,INE989J01017,Equity
KHOOBSURAT,INE731G01027,Equity
MMLF,INE340O01021,Equity
ALSL,INE030P01017,Equity
GCMCOMM,INE200P01016,Equity
JULIEN,INE890N01027,Equity
JKAGRI,INE690O01011,Equity
NOVELIX,INE314I01036,Equity
PVVINFRA,INE428B01021,Equity
VCU,INE962O01014,Equity
INDRENEW,INE138O01029,Equity
SRGFFL,INE326P01019,Equity
ACFSL,INE218P01018,Equity
STELLAR,INE325P01011,Equity
YURANUS,INE156M01017,Equity
CPL,INE536P01021,Equity
ARNOLD,INE185K01036,Equity
SUNLOC,INE671C01016,Equity
CHEMTECH,INE212P01011,Equity
DENISCHEM,INE051G01012,Equity
POLYMAC,INE826P01018,Equity
UNISHIRE,INE210P01015,Equity
LAXMIPATI,INE920P01019,Equity
LADDU,INE546I01025,Equity
HANSUGAR,INE101H01013,Equity
BCP,INE905P01028,Equity
KCSL,INE576P01019,Equity
MANGIND,INE717C01025,Equity
HBGHOTELS,INE977M01024,Equity
RAUNAQ,INE523K01012,Equity
INFRONICS,INE463B01036,Equity
HARIAAPL,INE493N01012,Equity
VASUPRADA,INE574G01013,Equity
SHARPINV,INE909D01026,Equity
RESPONSINF,INE401B01010,Equity
GCMCAPI,INE191P01017,Equity
AFEL,INE663P01015,Equity
WESTLEIRES,INE266P01017,Equity
NAM,INE792G01011,Equity
METSL,INE318N01011,Equity
JACKSON,INE508N01025,Equity
WORTH,INE114O01020,Equity
TPROJECT,INE901C01017,Equity
AMARSEC,INE745P01010,Equity
CTL,INE172D01021,Equity
TARINI,INE849M01017,Equity
YAANENT,INE969E01010,Equity
ANVRDHI,INE075K01013,Equity
RAAMA,INE516P01015,Equity
GOLDCOINHF,INE634J01027,Equity
BRPL,INE319Q01012,Equity
ARMAN,INE510P01018,Equity
SMTEL,INE673E01018,Equity
JAMESWARREN,INE718P01017,Equity
VISTARAMAR,INE878P01019,Equity
FRUTION,INE836C01015,Equity
TRIVENIENT,INE916P01025,Equity
BHANDERI,INE336Q01016,Equity
ZINEMA,INE641Q01019,Equity
CEMAINFRA,INE222B01028,Equity
TTIENT,INE404F01031,Equity
VISHAL,INE755Q01025,Equity
TOYAMSL,INE457P01020,Equity
GAJANANSEC,INE868G01019,Equity
UNISON,INE099D01026,Equity
RTFL,INE840I01014,Equity
VRL,INE406F01010,Equity
QGO,INE837C01013,Equity
PURSHOTTAM,INE729C01020,Equity
HCLTD,INE691J01019,Equity
SIROHIA,INE785O01019,Equity
MIIL,INE898Q01015,Equity
CITYONLINE,INE158C01014,Equity
ULTRACAB,INE010R01023,Equity
RCCL,INE929D01016,Equity
ETIL,INE937K01014,Equity
ATISHAY,INE011R01013,Equity
SANGAMFIN,INE475D01010,Equity
DHABRIYA,INE260R01016,Equity
ARYACAPM,INE229R01011,Equity
HANMAN,INE982Q01017,Equity
VGCL,INE761Q01015,Equity
PANABYTE,INE516E01019,Equity
JSHL,INE401Q01018,Equity
CRANEINFRA,INE176L01017,Equity
NIYOGIN,INE480D01010,Equity
ASIACAP,INE131Q01011,Equity
KALYANCAP,INE149Q01021,Equity
CITIZEN,INE473L01018,Equity
GBFL,INE997C01015,Equity
GILADAFINS,INE918C01029,Equity
JETSOLAR,INE155R01018,Equity
AANCHALISP,INE322R01022,Equity
CAPPIPES,INE513R01026,Equity
KAIZENAGRO,INE891N01017,Equity
JMJFIN,INE242Q01016,Equity
JSTL,INE237B01018,Equity
ICL,INE407P01017,Equity
SCC,INE892C01018,Equity
PANAFIC,INE655P01029,Equity
MYMONEY,INE232L01018,Equity
AMARNATH,INE985Q01010,Equity
CSL,INE183Q01020,Equity
NEXUSSURGL,INE370Q01015,Equity
GALADAFIN,INE243E01010,Equity
EMERALD,INE030Q01015,Equity
MKEXIM,INE227F01010,Equity
OCTAL,INE513C01010,Equity
MIHIKA,INE779Q01017,Equity
SHRINIWAS,INE201F01015,Equity
VANICOM,INE661Q01017,Equity
RAFL,INE865P01016,Equity
COSYN,INE029B01019,Equity
SOFCOM,INE499Q01012,Equity
NAPL,INE223R01014,Equity
KARNAVATI,INE554R01020,Equity
ABHIFIN,INE723C01015,Equity
ALFL,INE211D01027,Equity
MERCURYLAB,INE947G01011,Equity
CONCORD,INE858L01010,Equity
WARDINMOBI,INE945P01024,Equity
SHREESEC,INE397C01026,Equity
TALBROSENG,INE717E01013,Equity
SAPL,INE002E01010,Equity
PUROHITCON,INE147J01012,Equity
JAYATMA,INE246D01015,Equity
CHENFERRO,INE777O01016,Equity
MEGRISOFT,INE756R01013,Equity
GITARENEW,INE776O01018,Equity
KALPACOMME,INE059Q01014,Equity
NEIL,INE396C01010,Equity
STARHFL,INE526R01028,Equity
SSPNFIN,INE820R01017,Equity
FRASER,INE184Q01010,Equity
TIRUPATIIN,INE812Q01016,Equity
GANVERSE,INE369Q01017,Equity
RAJPUTANA,INE751R01014,Equity
CCDL,INE187R01029,Equity
URSUGAR,INE904R01027,Equity
FILTRA,INE541R01019,Equity
ATHCON,INE291R01011,Equity
NORTHLINK,INE736P01019,Equity
SHESHAINDS,INE193R01019,Equity
SAB,INE137M01017,Equity
ALANSCOTT,INE273F01022,Equity
OPCHAINS,INE118Q01018,Equity
SUJALA,INE029H01016,Equity
JAINMARMO,INE780Q01015,Equity
GRAMEVA,INE578R01011,Equity
PALCO,INE239L01013,Equity
BODHTREE,INE104F01029,Equity
VBIND,INE334E01017,Equity
SARVOTTAM,INE822Q01015,Equity
WARDWIZFBL,INE761D01021,Equity
PANTH,INE945O01019,Equity
ICSL,INE682B01023,Equity
VLL,INE347L01022,Equity
HELPAGE,INE738P01015,Equity
HAWAENG,INE230I01018,Equity
ADHBHUTIN,INE578L01014,Equity
DFL,INE848N01017,Equity
POEL,INE035S01028,Equity
AEL,INE829P01020,Equity
NOBPOL,INE203Q01026,Equity
GVBL,INE574D01010,Equity
GARMNTMNTR,INE653S01028,Equity
SRESTHA,INE606K01049,Equity
SAUMYA,INE563C01015,Equity
MUL,INE150D01027,Equity
MISHKA,INE540S01019,Equity
GROWINGTON,INE451S01027,Equity
HCKKVENTURE,INE345Q01017,Equity
LOYAL,INE876S01017,Equity
GGPL,INE480S01026,Equity
CHEMIESYNT,INE829R01018,Equity
SURYAINDIA,INE446E01019,Equity
STARDELTA,INE541K01014,Equity
AMRAFIN,INE990S01016,Equity
SAMSRITA,INE579N01018,Equity
PECOS,INE484S01010,Equity
MSL,INE829S01016,Equity
SYMBIOX,INE653R01012,Equity
SUNRAKSHAK,INE671K01027,Equity
THINKINK,INE365S01045,Equity
UNIAUTO,INE203T01012,Equity
CALLISTA,INE714Q01014,Equity
WAAREE,INE725P01012,Equity
PBFL,INE212Q01019,Equity
SALAUTO,INE724G01014,Equity
POLYSPIN,INE914G01029,Equity
SML,INE848R01018,Equity
MAHAVEER,INE019D01016,Equity
ACME,INE636B01011,Equity
KCL,INE926E01010,Equity
VISHALBL,INE060T01024,Equity
PJL,INE473T01011,Equity
NAKSH,INE256S01012,Equity
DITCO,INE183R01010,Equity
SWAGTAM,INE150R01019,Equity
KUBERJI,INE594R01018,Equity
NEERAJ,INE894J01019,Equity
TEJNAKSH,INE030T01027,Equity
BRIPORT,INE661F01010,Equity
RFSL,INE201C01012,Equity
IGCIL,INE099S01016,Equity
ARYAVAN,INE360S01012,Equity
TFSL,INE761R01013,Equity
PANORAMA,INE258R01028,Equity
SHREEGANES,INE051N01026,Equity
GTV,INE910R01024,Equity
TFLL,INE027S01017,Equity
GARBIFIN,INE721C01019,Equity
SMARTFIN,INE766D01020,Equity
RAJKOTINV,INE176R01014,Equity
ADCON,INE805Q01028,Equity
UDAYJEW,INE551B01012,Equity
SATTVASUKU,INE280E01038,Equity
NAVIGANT,INE364T01012,Equity
GROVY,INE343C01012,Equity
SCTL,INE452S01025,Equity
CREATIVE,INE146E01015,Equity
AAYUSH,INE430R01023,Equity
VALLEY,INE834E01016,Equity
ABHIINFRA,INE281P01016,Equity
APOORVA,INE217S01014,Equity
AGRIBIO,INE679E01015,Equity
FMEC,INE108T01021,Equity
DEEPAI,INE005G01026,Equity
MALTLAND,INE994N01019,Equity
SUPHA,INE549S01036,Equity
SHIVA,INE728Q01014,Equity
MISHTANN,INE094S01041,Equity
DELTA,INE681Q01015,Equity
AMPL,INE727C01024,Equity
KEL,INE079C01012,Equity
BLUECLOUDS,INE373T01047,Equity
KEIL,INE534E01020,Equity
KAMATS,INE564S01019,Equity
ACEMEN,INE023R01018,Equity
BFLAFL,INE948Q01018,Equity
RGF,INE684D01025,Equity
RCL,INE792P01020,Equity
KAPILRAJ,INE332Q01023,Equity
GANGAPHARM,INE615T01017,Equity
DAL,INE874E01012,Equity
MOBAVENUE,INE622Q01027,Equity
SHIVKAMAL,INE429R01017,Equity
RGCORP,INE836D01013,Equity
IFINSER,INE064T01018,Equity
HILIKS,INE966Q01010,Equity
HYPERSOFT,INE039D01014,Equity
FREDUN,INE194R01017,Equity
RELICAB,INE773T01014,Equity
VKAL,INE427T01025,Equity
MEAPL,INE250S01015,Equity
MNIL,INE216Q01010,Equity
DARJEELING,INE830S01014,Equity
ADVIKCA,INE178T01024,Equity
KDML,INE030U01025,Equity
UMIYA,INE173U01015,Equity
CHDCHEM,INE043U01010,Equity
LELAVOIR,INE204S01012,Equity
MUDRA,INE967S01014,Equity
BALGOPAL,INE119R01014,Equity
SUPERIOR,INE574R01028,Equity
FRANKLIN,INE399S01010,Equity
LANCER,INE359U01028,Equity
GHUSHINE,INE009U01011,Equity
DARSHANORNA,INE671T01028,Equity
SPICELOUNG,INE631E01024,Equity
DIDL,INE642P01019,Equity
SNIM,INE730R01042,Equity
RGIL,INE364S01014,Equity
LIKHAMI,INE920T01011,Equity
MIL,INE858Q01019,Equity
YASHCHEM,INE571U01010,Equity
BAZELINTER,INE217E01014,Equity
JLL,INE919T01013,Equity
ZEAL,INE819S01025,Equity
SIDH,INE403L01015,Equity
TITAANIUM,INE120V01014,Equity
CFEL,INE700F01024,Equity
EASTWEST,INE595R01023,Equity
COLORCHIPS,INE621I01042,Equity
LAHL,INE213U01019,Equity
GOLDENCREST,INE222U01010,Equity
AMS,INE345U01019,Equity
SHIVAEXPO,INE191V01015,Equity
MITSU,INE317V01016,Equity
SPRAYKING,INE537U01037,Equity
DHATRE,INE715T01031,Equity
RSTL,INE367U01013,Equity
GAMCO,INE890S01026,Equity
SIIL,INE400R01018,Equity
IISL,INE818R01011,Equity
ARCFIN,INE202R01026,Equity
SAGARSOFT,INE184B01012,Equity
DRA,INE746V01016,Equity
ACML,INE427V01013,Equity
SHASHIJIT,INE700V01021,Equity
BINDALEXPO,INE564V01013,Equity
MHEL,INE957U01011,Equity
DIKSAT,INE942P01013,Equity
PURPLE,INE905R01016,Equity
SUPRAPFSL,INE268T01015,Equity
SOUTHERNIN,INE298B01010,Equity
REGENCY,INE964R01013,Equity
SALEM,INE894E01028,Equity
UPROTECH,INE448F01012,Equity
FRANKLININD,INE789R01022,Equity
LKPSEC,INE341H01023,Equity
OSIAJEE,INE186R01013,Equity
CMBL,INE850R01014,Equity
EIKO,INE666Q01016,Equity
SHASHANK,INE508R01018,Equity
NEWLIGHT,INE835U01027,Equity
VSL,INE607V01028,Equity
MTPL,INE245H01018,Equity
SHANGAR,INE118R01032,Equity
GLCL,INE804Q01013,Equity
FLORACORP,INE318U01016,Equity
SKL,INE459U01018,Equity
RAIDEEPIND,INE923R01019,Equity
SUERYAAKNI,INE249U01013,Equity
TANVI,INE978V01015,Equity
PARMAX,INE240T01014,Equity
LLFICL,INE715Q01029,Equity
DANUBE,INE575D01041,Equity
IFL,INE714U01024,Equity
ONTIC,INE989S01042,Equity
CHEMCRUX,INE298W01016,Equity
MAXIMUS,INE544W01021,Equity
MANAS,INE800W01019,Equity
PRIMEFRESH,INE442V01012,Equity
OCEANIC,INE711V01010,Equity
OCTAWARE,INE208U01019,Equity
ESCORP,INE953W01016,Equity
PARMSILK,INE808R01012,Equity
KMSMEDI,INE870V01014,Equity
CLFL,INE949C01016,Equity
STARLENT,INE594W01042,Equity
KANUNGO,INE453S01015,Equity
MEERA,INE343X01026,Equity
GKL,INE986W01016,Equity
YUG,INE796W01019,Equity
VARIMAN,INE717F01028,Equity
RIDDHICORP,INE325X01015,Equity
CONTAINER,INE319U01022,Equity
GEL,INE721X01023,Equity
7NR,INE413X01035,Equity
JIGAR,INE943X01015,Equity
CTCL,INE931X01010,Equity
GSTL,INE632W01016,Equity
CHOTHANI,INE344X01016,Equity
SMRUTHIORG,INE172E01011,Equity
SHISHIND,INE145Y01023,Equity
ANG,INE236W01016,Equity
KCDGROUP,INE185U01035,Equity
PROCLB,INE438C01010,Equity
PQIF,INE689M01025,Equity
AAYUSHBULL,INE777X01017,Equity
TTFL,INE071Y01013,Equity
POOJA,INE973X01012,Equity
SAYAJIIND,INE327G01032,Equity
VANTABIO,INE695X01011,Equity
MEHAI,INE062Y01020,Equity
SGRL,INE414Y01015,Equity
STL,INE402Y01028,Equity
KAARYAFSL,INE282Y01016,Equity
SBRANDS,INE204Y01010,Equity
SHARIKA,INE669Y01022,Equity
ASPIRA,INE500C01017,Equity
RATNABHUMI,INE821Y01011,Equity
MRCAGRO,INE333Y01017,Equity
DML,INE158R01012,Equity
CRYSTAL,INE994R01028,Equity
CHANDRIMA,INE371F01024,Equity
RITHWIKFMS,INE819Y01015,Equity
JFL,INE841Y01019,Equity
7SEASL,INE454F01010,Equity
TIRUFOAM,INE115G01015,Equity
SRUSTEELS,INE425C01017,Equity
GGL,INE063Z01017,Equity
GUJHYSPIN,INE578V01013,Equity
KENVI,INE923Y01023,Equity
TDSL,INE773Y01014,Equity
BHATIA,INE341Z01025,Equity
YSL,INE868X01014,Equity
KANCOTEA,INE398L01017,Equity
ANGEL,INE339Z01011,Equity
INFLAME,INE464Z01017,Equity
BPLPHARMA,INE365Y01019,Equity
SHREESHAY,INE452Z01012,Equity
ACFL,INE758W01019,Equity
ACTIVE,INE380Z01015,Equity
BENARA,INE495Z01011,Equity
LEX,INE860Y01019,Equity
TRL,INE459Z01017,Equity
DLCL,INE871Z01013,Equity
MILEFUR,INE424Z01011,Equity
UHZAVERI,INE556Z01010,Equity
PARVATI,INE295Z01015,Equity
INNOVATORS,INE870Z01015,Equity
UCIL,INE926R01012,Equity
PALMJEWELS,INE838Z01012,Equity
WAA,INE799N01012,Equity
UNICK,INE250G01010,Equity
RAJNISH,INE685Z01033,Equity
GUJWIND,INE173V01013,Equity
STRAEXPO,INE268X01017,Equity
RAWEDGE,INE960Z01014,Equity
SUPERSHAKT,INE00SY01011,Equity
ASHNI,INE694W01024,Equity
RACONTEUR,INE00WY01013,Equity
VIVANTA,INE299W01022,Equity
FRATELLI,INE401Z01019,Equity
AMINTAN,INE572Z01017,Equity
DEEP,INE00IY01012,Equity
SMEL,INE266S01011,Equity
ASRL,INE01B501018,Equity
SPACEINCUBA,INE797Z01028,Equity
RANJEET,INE01A501027,Equity
MACH,INE004Z01011,Equity
INNOVATIVE,INE492Y01011,Equity
A1L,INE911Z01025,Equity
DOLFIN,INE666Y01010,Equity
SHUBHAM,INE01J501010,Equity
SUNRETAIL,INE206Z01020,Equity
SMGOLD,INE00Q901014,Equity
VIVIDM,INE647Z01025,Equity
PHOSPHATE,INE398C01016,Equity
RONI,INE02AP01013,Equity
SKIFL,INE951Z01013,Equity
DGL,INE01GR01018,Equity
ARYAN,INE016X01010,Equity
NIVAKA,INE139E01028,Equity
DECCAN,INE452W01019,Equity
HIKLASS,INE302R01024,Equity
SPACAPS,INE726X01014,Equity
JONJUA,INE793Z01027,Equity
KRANTI,INE911T01010,Equity
GLAAMUP,INE03CM01014,Equity
MAHIP,INE00CX01017,Equity
AIHL,INE342U01016,Equity
JYOTIN,INE043R01016,Equity
AGOL,INE05FR01029,Equity
HBEL,INE02PC01027,Equity
ROOPSHRI,INE03WT01017,Equity
CHANDNIMACH,INE01GZ01011,Equity
NSL,INE01BL01012,Equity
VRFILMS,INE06LG01010,Equity
GKP,INE05QJ01015,Equity
EVANS,INE06TD01010,Equity
BMW,INE374E01021,Equity
CHCL,INE05BN01027,Equity
DEL,INE413F01016,Equity
HARISH,INE01K301012,Equity
PARSHVA,INE05MV01019,Equity
ARL,INE02GA01012,Equity
CPML,INE056001014,Equity
SKIEL,INE04ST01013,Equity
TRANSPACT,INE06YD01010,Equity
ALPHALOGIC,INE08E401029,Equity
NOVATEOR,INE08JY01013,Equity
MISQUITA,INE957W01025,Equity
GALACTICO,INE906Y01028,Equity
VEL,INE560T01015,Equity
GOBLIN,INE492Z01018,Equity
SHAHLON,INE052001026,Equity
MOUNT,INE444X01014,Equity
ANUROOP,INE490Z01012,Equity
EASUN,INE771C01014,Equity
VALENCIA,INE08RT01016,Equity
ASSAMENT,INE165G01010,Equity
GIANLIFE,INE063601012,Equity
TRANWAY21,INE0BIW01023,Equity
VARDHANCFL,INE128G01018,Equity
CBPL,INE07QQ01016,Equity
OCTAVIUSPL,INE117S01016,Equity
SMAUTO,INE0C4I01011,Equity
ROJL,INE0BDU01028,Equity
COSPOWER,INE0CQB01010,Equity
NIRMITEE,INE0CPQ01010,Equity
NATURAL,INE06MM01016,Equity
REGIS,INE745R01024,Equity
BILLWIN,INE0CRS01012,Equity
SAMRATFORG,INE412J01010,Equity
GMPL,INE0E2801015,Equity
VGIL,INE244W01010,Equity
SHINEFASH,INE0BLY01023,Equity
NETPIX,INE0D5F01013,Equity
RFLL,INE018S01016,Equity
MRP,INE0D7801012,Equity
NIKSTECH,INE0GX601011,Equity
EKI,INE0CPR01018,Equity
RCAN,INE0CQ101015,Equity
ARTEMISADR,INE0D9X01018,Equity
KGES,INE04CO01018,Equity
ADESHWAR,INE0H8J01015,Equity
TIMESGREEN,INE0B6101012,Equity
FOCUS,INE0DXR01010,Equity
AAPLUSTRAD,INE0C5901022,Equity
SHARPLINE,INE647W01014,Equity
AASHKA,INE0EAX01014,Equity
NBL,INE0GOA01018,Equity
POBS,INE0DTJ01015,Equity
PREVEST,INE0GAO01018,Equity
SBLI,INE0DLM01024,Equity
GETALONG,INE0H1201020,Equity
SVRL,INE0HLJ01013,Equity
PROMAX,INE0I2F01015,Equity
SAMOR,INE0GD201014,Equity
ADISHAKTI,INE0CWK01019,Equity
CWD,INE0H8H01019,Equity
SGFRL,INE07GA01011,Equity
OMNIPOTENT,INE0JFE01012,Equity
DMR,INE07L501010,Equity
CLARA,INE0JJS01014,Equity
WITS,INE0IM001015,Equity
ASCENSIVE,INE0E4I01027,Equity
FABINO,INE0DRT01018,Equity
ALKOSIGN,INE0KA601012,Equity
QRIL,INE0KAF01018,Equity
SSTL,INE0JNA01014,Equity
SPITZE,INE0JSJ01014,Equity
EKENNIS,INE0KCM01010,Equity
BCCL,INE0KQ001017,Equity
ACHYUT,INE0K1401020,Equity
EVOQ,INE0JVD01011,Equity
SEML,INE0KPY01017,Equity
DHYAANITR,INE0K5F01014,Equity
EIGHTY,INE0KSN01014,Equity
SFSL,INE0JMN01019,Equity
GLHRL,INE0J2K01014,Equity
FONE4,INE0L3H01014,Equity
NVENTURES,INE0E5R01017,Equity
TIERRA,INE05CY01014,Equity
SILVERPRL,INE0KXN01014,Equity
SCARNOSE,INE0IXR01019,Equity
GOEL,INE0K6L01010,Equity
PGCRL,INE0GTX01019,Equity
SAILANI,INE0KHQ01010,Equity
KESAR,INE0L1C01019,Equity
BRRL,INE0IZQ01016,Equity
JAYANT,INE0KR801019,Equity
VEERKRUPA,INE0ID001024,Equity
HEALTHYLIFE,INE0L3501015,Equity
OLATECH,INE0M3901015,Equity
DPL,INE0MC401013,Equity
EPBIO,INE0D2I01014,Equity
SISL,INE0LU301014,Equity
CONTAINE,INE0M8901010,Equity
MAFIA,INE0KQQ01011,Equity
SRSOLTD,INE0MNV01014,Equity
TLL,INE0MKA01014,Equity
REETECH,INE0MKO01015,Equity
CARGOTRANS,INE0M4L01013,Equity
CNCRD,INE0N0J01014,Equity
CARGOSOL,INE0KZM01011,Equity
STML,INE0MSK01016,Equity
VEDANTASSET,INE0NC801013,Equity
PACE,INE0N1L01018,Equity
DAPS,INE975Z01012,Equity
TECHNOPACK,INE0MXP01015,Equity
AMBOAGRI,INE0N6V01016,Equity
GARGI,INE0NT601018,Equity
DRONACHRYA,INE0MQD01015,Equity
AVEER,INE09BN01011,Equity
REXSEAL,INE0MFT01014,Equity
SVS,INE0MID01012,Equity
LOGICA,INE0BSU01018,Equity
DHARNI,INE0M9Q01011,Equity
TRANSVOY,INE0MPU01011,Equity
EARTH,INE0O4V01010,Equity
INDONG,INE0KN201016,Equity
SEALMATIC,INE0O4601016,Equity
ROBU,INE0OLH01013,Equity
PATRON,INE0NPA01011,Equity
SVJ,INE0JZS01010,Equity
AMANAYA,INE0G1V01016,Equity
RESGEN,INE0NYN01016,Equity
ITCONS,INE0O6A01019,Equity
PCL,INE0OKG01017,Equity
SUDARSHAN,INE00TV01023,Equity
LABELKRAFT,INE0NLJ01011,Equity
BRIGHT,INE0OMI01019,Equity
COMMAND,INE0LKQ01012,Equity
DEVLAB,INE0NIJ01025,Equity
JAFINANCE,INE825B01010,Equity
MAIDEN,INE0O1T01010,Equity
EXHICON,INE0O8901016,Equity
SANCODE,INE0P7001013,Equity
RETINA,INE0NTC01019,Equity
INNOKAIZ,INE0LDI01022,Equity
SWATIPRO,INE210F01016,Equity
HSIL,INE0GYI01028,Equity
CFF,INE0NJ001013,Equity
COMRADE,INE0NXA01015,Equity
SONALIS,INE0N5O01013,Equity
BIZOTIC,INE0OJ401014,Equity
ASIAN,INE04Z101016,Equity
COSMICCRF,INE0ORA01015,Equity
VEEFIN,INE0Q0M01015,Equity
MACIND,INE01BT01015,Equity
ALPHAIND,INE0NZF01019,Equity
ACCELERATE,INE0POP01017,Equity
KAKA,INE0P3N01018,Equity
AHASOLAR,INE0NEV01011,Equity
ASARFI,INE0DN001027,Equity
KHAZANCHI,INE0OWC01011,Equity
SHELTER,INE013V01011,Equity
SHOORA,INE0OJZ01019,Equity
BONDADA,INE0Q8P01029,Equity
SHRAAITECH,INE489B01031,Equity
KAHAN,INE04T901017,Equity
QUESTFLOW,INE0OYE01013,Equity
TECHKGREEN,INE0P4P01011,Equity
ARCL,INE372M01010,Equity
ORGANICREC,INE0MIO01019,Equity
CCAL,INE0M7501019,Equity
SUNITATOOL,INE0Q1S01010,Equity
VIVAA,INE0PA601017,Equity
VPL,INE0Q6901013,Equity
KKSHL,INE0OH401016,Equity
MISHDESIGN,INE0QI101019,Equity
KALYANI,INE0N6U01018,Equity
ARROWHEAD,INE0PP401015,Equity
SPL,INE0RDR01012,Equity
DEEPAKCHEM,INE0RDM01013,Equity
AMIC,INE0P9J01013,Equity
SIYARAM,INE0QSK01017,Equity
BENCHMARK,INE0Q2Z01013,Equity
SMARITIME,INE0PSJ01011,Equity
SHANTIDENM,INE0QZQ01019,Equity
AIKPIPES,INE0QFT01015,Equity
MCPL,INE0A6N01026,Equity
SBVCL,INE0RNZ01014,Equity
SHILINDORE,INE0MGS01014,Equity
SWANAGRO,INE0GEN01012,Equity
SHREE,INE0QIS01011,Equity
SHPLPUNE,INE07G501017,Equity
QLL,INE0Q1R01012,Equity
EUPHORIAIT,INE0PYT01018,Equity
BRISK,INE0Q6L01014,Equity
HARSHDEEP,INE0OLZ01015,Equity
MCFL,INE0R5Z01015,Equity
GPSL,INE0QZF01012,Equity
JGTL,INE0QXV01014,Equity
RUDRAGAS,INE0OYK01010,Equity
KOURA,INE0M8R01011,Equity
PESB,INE510U01018,Equity
ROYAL,INE0QQG01019,Equity
KPGEL,INE0QVH01025,Equity
CHATHA,INE0AH901011,Equity
GCONNECT,INE0QHY01011,Equity
VRUDDHI,INE0OMZ01013,Equity
JAYKAILASH,INE0MSS01019,Equity
GVL,INE0S0701019,Equity
FAALCON,INE0Q9W01015,Equity
SHIVAM,INE0SGR01013,Equity
EMMFORCE,INE0SDC01012,Equity
VARYAA,INE0R6801013,Equity
AMKAY,INE0QSB01016,Equity
DKUAL,INE0QXT01018,Equity
STAL,INE0RGM01016,Equity
FTL,INE0QOQ01013,Equity
TGIF,INE0SMU01015,Equity
AZTEC,INE0SCB01016,Equity
PIOTEX,INE0R4W01015,Equity
ASSOCIATED,INE0RIQ01013,Equity
ADTECH,INE257C01014,Equity
TOTEM,INE0TT901016,Equity
MAGENTA,INE0QZ901011,Equity
SATTRIX,INE0QUV01010,Equity
3CIT,INE0R7D01018,Equity
PURPLEFIN,INE0CYK01015,Equity
COTFAB,INE0S0I01011,Equity
GEMENVIRO,INE0RUJ01013,Equity
DFPL,INE0S6R01027,Equity
NPL,INE0PO601011,Equity
ACLD,INE0T3401029,Equity
THREEMPAPE,INE0UK501010,Equity
VVIPIL,INE0MNP01016,Equity
CTLLAB,INE0QMR01015,Equity
KIZI,INE0RMR01013,Equity
AFCOM,INE0OXY01013,Equity
BROACH,INE0SFZ01018,Equity
RAL,INE0SK201011,Equity
RAPID,INE0QA901010,Equity
TRAVELS,INE0SG001011,Equity
NHL,INE0N4701016,Equity
MACHLTD,INE0UYT01018,Equity
SSL,INE0LY301010,Equity
SAFE,INE0Q3401017,Equity
PFL,INE0PZB01013,Equity
NEXXUS,INE0QUL01011,Equity
SUBAM,INE0U6201010,Equity
NPFL,INE471R01019,Equity
KGVL,INE0S9501014,Equity
SHIVTEXCHEM,INE0YRO01015,Equity
MANGALCOMP,INE0RU901015,Equity
RAJESH,INE0VN801010,Equity
NISUS,INE0DQN01013,Equity
TTC,INE0XAY01012,Equity
JUNGLECAMP,INE0WCH01015,Equity
HILLTONE,INE168C01013,Equity
YASHHV,INE00GK01023,Equity
HAMPS,INE0QBD01018,Equity
NACDAC,INE0LB101011,Equity
CITICHEM,INE0A8401016,Equity
TECHNICHEM,INE0ZHT01012,Equity
VANDU,INE0RH001011,Equity
PARMESHWAR,INE0QQJ01021,Equity
DAVIN,INE0Q2L01013,Equity
FABCLEAN,INE0HSD01011,Equity
INDOBELL,INE0FK501019,Equity
BRGIL,INE00ST01011,Equity
AVAX,INE0NQ401024,Equity
RIKHAV,INE0CFH01028,Equity
LGLL,INE12QA01010,Equity
CNINFOTECH,INE0WXM01011,Equity
RRECL,INE0AK901016,Equity
CLN,INE0WDX01010,Equity
GBLOGISTIC,INE0RWU01016,Equity
HMEML,INE0DZD01015,Equity
MALPANI,INE0YON01014,Equity
AMWILL,INE0U2L01017,Equity
SOLARIUM,INE0W0H01017,Equity
COVANCE,INE0R8101016,Equity
SHANMUGA,INE0TD301017,Equity
LKMEHTA,INE0FFF01017,Equity
SWASTH,INE0TIR01017,Equity
BEEZAASAN,INE13VU01016,Equity
NUKLEUS,INE0VYX01018,Equity
VIKRAMAR,INE0NR501012,Equity
SHREENATH,INE0RXS01018,Equity
NAPSGLOBAL,INE0VNH01014,Equity
PSPL,INE0ABU01016,Equity
SUPERIRON,INE16IQ01014,Equity
PPARIVAH,INE0SMW01011,Equity
DESCO,INE0TGG01014,Equity
IDENTIXWEB,INE0PA401012,Equity
RETAGGIO,INE0KWJ01014,Equity
SPINAROO,INE10XX01012,Equity
INFONATIVE,INE12IB01015,Equity
KENRIK,INE0AOG01018,Equity
SRIGEE,INE0RJ901010,Equity
MANOJJEWEL,INE0MV001018,Equity
UNIFIED,INE1ABX01018,Equity
ASTONEALAB,INE0TG901011,Equity
3BFILMS,INE0TE101010,Equity
ATENPAPERS,INE0XCV01014,Equity
ABRFL,INE0ZDY01011,Equity
AJCJEWEL,INE0XRR01010,Equity
ICON,INE0Y0E01012,Equity
SEVL,INE0SC101013,Equity
ACEALPHA,INE0S9X01011,Equity
VALINDIA,INE130701019,Equity
NEETUYOSHI,INE0UZO01024,Equity
ADCOUNTY,INE0W1601012,Equity
VANDAN,INE0RDJ01019,Equity
MARCLOIRE,INE0TBQ01014,Equity
CRYOGENIC,INE0TL001013,Equity
METAINFO,INE162901016,Equity
CHEMKART,INE0VWL01017,Equity
GLEN,INE0UMC01019,Equity
APL,INE0SJX01015,Equity
MONIKA,INE0LCG01010,Equity
SWASTIKAAL,INE0PTF01017,Equity
MSECL,INE0V0L01028,Equity
SHREEREF,INE0FMZ01045,Equity
PATELCHEM,INE161701011,Equity
REPONO,INE15WN01014,Equity
UML,INE1P1A01018,Equity
NSDL,INE301O01023,Equity
BDI,INE1LJ801017,Equity
TAKYON,INE14OX01013,Equity
MEHUL,INE1KH601014,Equity
BLT,INE0W4K01013,Equity
ESSEX,INE1IBY01019,Equity
STARIMAGIN,INE0YG001013,Equity
ICODEX,INE111601014,Equity
LGT,INE191201016,Equity
GLOBTIER,INE12P601017,Equity
NISMGMT,INE0M3X01010,Equity
OVAL,INE0RTI01017,Equity
ABRIL,INE15MX01014,Equity
SUGSLLOYD,INE0XX801016,Equity
RACHIT,INE0ZN101029,Equity
GOELCONS,INE0ZOM01013,Equity
AUSTERE,INE104201012,Equity
SHARVAYA,INE0UJF01018,Equity
VASHISHTHA,INE0WRP01016,Equity
KRUPALU,INE0XZB01017,Equity
NCML,INE346R01013,Equity
KARBON,INE0V8A01016,Equity
CITYSQUARE,INE1DRH01011,Equity
AIRFLOA,INE0XBS01012,Equity
LTELEVATOR,INE0TJ801010,Equity
SAMPAT,INE10XS01012,Equity
JDCABLES,INE14VP01014,Equity
APPL,INE15XJ01010,Equity
TRUECOLORS,INE1LDV01015,Equity
BHARATROHAN,INE0QMV01017,Equity
PRARUH,INE0TI501017,Equity
SOLVEX,INE1IIQ01028,Equity
SYSTEMATIC,INE1KLZ01011,Equity
JUSTO,INE0W5Q01017,Equity
TELGE,INE0SRP01014,Equity
CHTR,INE1B4801017,Equity
GPAPL,INE0SIK01014,Equity
EARKART,INE1A8F01035,Equity
BHAVIK,INE18PB01017,Equity
RDGAIL,INE0S5T01017,Equity
MPKSTEELS,INE1PJP01015,Equity
KVSCASTING,INE163701019,Equity
AMEENJI,INE14QA01016,Equity
DHILLON,INE0SPJ01011,Equity
OML,INE0R8Q01018,Equity
SODHACAP,INE0QU501030,Equity
CHIRAHARIT,INE12P101018,Equity
ZELIO,INE1B3501014,Equity
VALPLAST,INE0QP701017,Equity
SUNSKY,INE10CM01027,Equity
INFINITY,INE16XA01017,Equity
ZAPPFRESH,INE0SUM01015,Equity
NSBBPO,INE0SLP01017,Equity
MITTALSTL,INE833Q01012,Equity
SHLOKKA,INE1EUB01016,Equity
SKM,INE13YH01017,Equity
SIHORA,INE0SFA01011,Equity
TRADEUNO,INE1GUJ01014,Equity
SAFECURE,INE0SVZ01015,Equity
SHTL,INE0D8001018,Equity
WORKMATES,INE1I1301016,Equity
MAHALIFE,INE0U9D01019,Equity
GALLARD,INE0BUQ01012,Equity
SSMD,INE1U2R01013,Equity
MNFL,INE0UH001016,Equity
KKSILK,INE0EOJ01014,Equity
LOGICIEL,INE1BA901016,Equity
EXATO,INE1E4401010,Equity
PURPLEWAVE,INE0VDK01019,Equity
ASTRONMULT,INE0RUY01012,Equity
RAVEL,INE0W4D01018,Equity
HELLOJI,INE1FJE01010,Equity
LUXURY,INE1CJB01013,Equity
WOSAL,INE1MF401019,Equity
METHODHUB,INE0QZR01017,Equity
RDEL,INE1DKT01011,Equity
KVTOYS,INE1IE301018,Equity
PRODOCS,INE10XK01019,Equity
SHIPWAVES,INE0O9L01010,Equity
UNISEM,INE1FHV01026,Equity
HRS,INE1E1V01017,Equity
PAJSON,INE14LM01012,Equity
STANBIK,INE16QA01011,Equity
SIMANDHAR,INE0VI201010,Equity
NEPLOG,INE1NQ501012,Equity
GLOBALLOG,INE1ITY01011,Equity
DACHEPALLI,INE1F9M01018,Equity
NANTA,INE0YJA01011,Equity
ADMACH,INE0XLO01010,Equity
BAIKAKAJI,INE1IJQ01026,Equity
ATIL,INE0X4A01013,Equity
MDRC,INE1HK501016,Equity
GTIL,INE1H1501013,Equity
YAJUR,INE0CNJ01010,Equity
DEFRAIL,INE0ZE201010,Equity
NARMADESH,INE0S1B01014,Equity
INDOSMC,INE0WKY01013,Equity
GRERENEW,INE0U8P01015,Equity
ARITAS,INE1D8001016,Equity
DIGILOGIC,INE1OOT01028,Equity
SHAYONAENG,INE0UCL01011,Equity
HANNAH,INE0JVH01012,Equity
KASTURI,INE0T1301023,Equity
KANISHK,INE163401016,Equity
ANL,INE1KVQ01019,Equity
MSAFE,INE2B5L01011,Equity
PANHR,INE1N9E01015,Equity
FIL,INE1W3Q01011,Equity
YASHHTEJ,INE1O6P01016,Equity
ACCORDTS,INE132201018,Equity
KIAASA,INE1C3F01018,Equity
ELFIN,INE1FEW01013,Equity
NOVUS,INE1TFS01019,Equity
SPML,INE0R0M01014,Equity
TIPCO,INE1U6D01014,Equity
HIGHNESS,INE1KI801019,Equity
SCDL,INE0UMH01018,Equity
EMIAC,INE1OSW01015,Equity
MTL,INE1K0V01011,Equity
RECODE,INE2B6701015,Equity
GLPL,INE1CLW01015,Equity
MWL,INE0JYY01029,Equity
VPAL,INE1L3801017,Equity
AFLTD,INE18HI01019,Equity
MANIVENI,INE0YD301010,Equity
HARIKANTA,INE1UYW01010,Equity
YAASHVI,INE1T6L01010,Equity
RFIL,INE1GM501015,Equity
AUREATE,INE1KVL01010,Equity
MRTX,INE1RQS01010,Equity
SMR,INE11XK01017,Equity
VAHH,INE0H3U01013,Equity
UHMVL,INE0YZ901011,Equity
SELECTRIC,INE155D01018,Equity
SUSAN,INE2L0V01019,Equity
HORIZON,INE1SEO01013,Equity
LIOTECH,INE0TKX01011,Equity
LESL,INE0X6O01027,Equity
DIKSHA,INE1OSI01014,Equity
ANUBHAV,INE1O7201010,Equity
RIYAASAT,INE0KYI01012,Equity
JIVIAL,INE0V3T01017,Equity
CRAZY,INE0RBX01014,Equity
ADON,INE1SME01017,Equity
SILL,INE147701010,Equity
KRATIKAL,INE1L0M01019,Equity
ATHARVA,INE226801012,Equity
SEEMAX,INE1EVO01017,Equity
KUSUMGAR,INE0ISX01025,Equity
LASERPOWER,INE17IR01028,Equity
DEVSON,INE2KRP01017,Equity
DHAN-RE,INE680A20011,Equity
MTPL-RE,INE245H20018,Equity
CCDL-RE,INE187R20011,Equity
HASJUICE,INE888Q01016,Equity
WEBSL,INE562Q01017,Equity
ADHIRAJ,INE067R01015,Equity
APLABPP,IN9273A01047,Equity
SSFLPP,IN9572J01019,Equity
SURAJINDPP,IN9170U01035,Equity
ATLPP,IN90NN701011,Equity
ACESEPP,IN9849B01026,Equity
ANIRITPP,IN9161F01019,Equity
VERTEXPP,IN9316D01014,Equity
GSAILPP,IN9736H01014,Equity