amfi_code,isin,name,category,sub_category,amc,plan,payout
120348,INF205K01LE4,Invesco India Contra Fund - Direct Plan - Growth,Equity Scheme,Contra Fund,Invesco Mutual Fund,Direct,Growth
119769,INF174K01KZ9,Kotak Contra Fund - Direct Plan - Growth,Equity Scheme,Contra Fund,Kotak Mahindra Mutual Fund,Direct,Growth
154337,INF247L01GW6,Motilal Oswal Contra Fund - Direct – Growth,Equity Scheme,Contra Fund,Motilal Oswal Mutual Fund,Direct,Growth
119835,INF200K01RA0,SBI CONTRA FUND - DIRECT PLAN - GROWTH,Equity Scheme,Contra Fund,SBI Mutual Fund,Direct,Growth
119507,INF209K01WA1,Aditya Birla Sun Life Dividend Yield Fund - Growth - Direct Plan,Equity Scheme,Dividend Yield Fund,Aditya Birla Sun Life Mutual Fund,Direct,Growth
152810,INF251K01TV5,Baroda BNP Paribas Dividend Yield Fund - Direct Plan - Growth Option,Equity Scheme,Dividend Yield Fund,Baroda BNP Paribas Mutual Fund,Direct,Growth
118527,INF090I01IT8,Franklin India Dividend Yield Fund - Direct - Growth,Equity Scheme,Dividend Yield Fund,Franklin Templeton Mutual Fund,Direct,Growth
148609,INF179KC1AO6,HDFC Dividend Yield Fund - Growth Option Direct Plan,Equity Scheme,Dividend Yield Fund,HDFC Mutual Fund,Direct,Growth
129312,INF109KA1UA0,ICICI Prudential Dividend Yield Equity Fund Direct Plan Growth Option,Equity Scheme,Dividend Yield Fund,ICICI Prudential Mutual Fund,Direct,Growth
154097,INF174KA1YI5,Kotak Dividend Yield Fund - Direct - Growth,Equity Scheme,Dividend Yield Fund,Kotak Mahindra Mutual Fund,Direct,Growth
152022,INF397L01LC1,LIC MF Dividend Yield Fund-Direct Plan-Growth,Equity Scheme,Dividend Yield Fund,LIC Mutual Fund,Direct,Growth
151478,INF200KA14W3,SBI Dividend Yield Fund - Direct Plan - Growth,Equity Scheme,Dividend Yield Fund,SBI Mutual Fund,Direct,Growth
149700,INF173K01EV3,Sundaram Dividend Yield Fund (Formerly Known as Principal Dividend Yield Fund) - Direct Plan - Growth Option,Equity Scheme,Dividend Yield Fund,Sundaram Mutual Fund,Direct,Growth
148947,INF277K015Z8,Tata Dividend Yield Fund-Direct Plan-Growth,Equity Scheme,Dividend Yield Fund,Tata Mutual Fund,Direct,Growth
120749,INF789F01SW4,UTI-Dividend Yield Fund.-Growth-Direct,Equity Scheme,Dividend Yield Fund,UTI Mutual Fund,Direct,Growth
151165,INF579M01AN2,360 ONE ELSS Tax Saver Nifty 50 Index Fund - Direct Plan - Growth,Equity Scheme,ELSS,360 ONE Mutual Fund,Direct,Growth
119544,INF209K01UN8,Aditya Birla Sun Life ELSS Tax Saver Fund - Growth - Direct Plan,Equity Scheme,ELSS,Aditya Birla Sun Life Mutual Fund,Direct,Growth
120503,INF846K01EW2,Axis ELSS Tax Saver Fund - Direct Plan - Growth Option,Equity Scheme,ELSS,Axis Mutual Fund,Direct,Growth
153201,INF0QA701AK0,BAJAJ FINSERV ELSS TAX SAVER FUND - DIRECT - GROWTH,Equity Scheme,ELSS,Bajaj Finserv Mutual Fund,Direct,Growth
118473,INF194K01Y29,BANDHAN ELSS Tax Saver Fund - Direct Plan - Growth,Equity Scheme,ELSS,Bandhan Mutual Fund,Direct,Growth
119351,INF761K01884,BANK OF INDIA ELSS Tax Saver -Direct Plan- Growth,Equity Scheme,ELSS,Bank of India Mutual Fund,Direct,Growth
150159,INF251K01HF3,BARODA BNP PARIBAS ELSS Tax Saver Fund - Direct Plan - Growth Option,Equity Scheme,ELSS,Baroda BNP Paribas Mutual Fund,Direct,Growth
118285,INF760K01EL8,CANARA ROBECO ELSS TAX SAVER - DIRECT PLAN - GROWTH OPTION,Equity Scheme,ELSS,Canara Robeco Mutual Fund,Direct,Growth
119242,INF740K01OK1,DSP ELSS Tax Saver Fund - Direct Plan - Growth,Equity Scheme,ELSS,DSP Mutual Fund,Direct,Growth
118620,INF754K01CA8,Edelweiss ELSS Tax Saver Fund - Direct Plan-Growth Option,Equity Scheme,ELSS,Edelweiss Mutual Fund,Direct,Growth
118540,INF090I01JS8,Franklin India ELSS Tax Saver Fund - Direct - Growth,Equity Scheme,ELSS,Franklin Templeton Mutual Fund,Direct,Growth
141808,INF666M01DK7,Groww ELSS Tax Saver Fund (formerly known as Indiabulls Tax Savings Fund)- Direct Plan- Growth Option,Equity Scheme,ELSS,Groww Mutual Fund,Direct,Growth
119060,INF179K01YS4,HDFC ELSS Tax saver - Growth Option - Direct Plan,Equity Scheme,ELSS,HDFC Mutual Fund,Direct,Growth
118929,INF179K01WX8,HDFC Long Term Advantage Plan - Growth Option - Direct Plan,Equity Scheme,ELSS,HDFC Mutual Fund,Direct,Growth
151078,INF917K01GP0,HSBC ELSS Tax saver Fund - Direct Growth,Equity Scheme,ELSS,HSBC Mutual Fund,Direct,Growth
120592,INF109K01Y31,ICICI Prudential ELSS Tax Saver Fund - Direct Plan - Growth,Equity Scheme,ELSS,ICICI Prudential Mutual Fund,Direct,Growth
120416,INF205K01NT8,Invesco India ELSS Tax Saver Fund - Direct Plan - Growth,Equity Scheme,ELSS,Invesco Mutual Fund,Direct,Growth
147541,INF00XX01390,ITI ELSS Tax Saver Fund - Direct Plan - Growth Option,Equity Scheme,ELSS,ITI Mutual Fund,Direct,Growth
120494,INF192K01CE3,JM ELSS Tax Saver Fund (Direct) - Growth Option,Equity Scheme,ELSS,JM Financial Mutual Fund,Direct,Growth
119773,INF174K01LI3,Kotak ELSS Tax Saver Fund-Growth - Direct,Equity Scheme,ELSS,Kotak Mahindra Mutual Fund,Direct,Growth
120270,INF767K01EM1,LIC MF ELSS Tax Saver-Direct Plan-Growth,Equity Scheme,ELSS,LIC Mutual Fund,Direct,Growth
139781,INF174V01093,Mahindra Manulife ELSS Tax Saver Fund - Direct Plan -Growth,Equity Scheme,ELSS,Mahindra Manulife Mutual Fund,Direct,Growth
135781,INF769K01DM9,Mirae Asset ELSS Tax Saver Fund - Direct Plan - Growth,Equity Scheme,ELSS,Mirae Asset Mutual Fund,Direct,Growth
133386,INF247L01569,Motilal Oswal ELSS Tax Saver Fund - Direct Plan - Growth Option,Equity Scheme,ELSS,Motilal Oswal Mutual Fund,Direct,Growth
135654,INF959L01CD5,Navi ELSS Tax Saver Fund- Direct Plan- Growth Option,Equity Scheme,ELSS,Navi Mutual Fund,Direct,Growth
151471,INF959L01GR6,NAVI ELSS TAX SAVER NIFTY 50 INDEX FUND - DIRECT PLAN GROWTH,Equity Scheme,ELSS,Navi Mutual Fund,Direct,Growth
118803,INF204K01L55,Nippon India ELSS Tax Saver Fund - Direct Plan Growth Plan - Growth Option,Equity Scheme,ELSS,Nippon India Mutual Fund,Direct,Growth
151611,INF0J8L01115,NJ ELSS Tax Saver Scheme Direct Growth,Equity Scheme,ELSS,NJ Mutual Fund,Direct,Growth
135601,INF663L01FN5,PGIM India ELSS Tax Saver Fund - Direct Plan - Growth Option,Equity Scheme,ELSS,PGIM India Mutual Fund,Direct,Growth
147481,INF879O01100,Parag Parikh ELSS Tax Saver Fund- Direct Growth,Equity Scheme,ELSS,PPFAS Mutual Fund,Direct,Growth
120847,INF966L01986,quant ELSS Tax Saver Fund - Growth Option - Direct Plan,Equity Scheme,ELSS,quant Mutual Fund,Direct,Growth
111549,INF082J01069,Quantum ELSS Tax Saver Fund - Direct Plan Growth Option,Equity Scheme,ELSS,Quantum Mutual Fund,Direct,Growth
150838,INF0K1H01065,Samco ELSS Tax Saver Fund - Direct Plan - Growth Option,Equity Scheme,ELSS,Samco Mutual Fund,Direct,Growth
119723,INF200K01UM9,SBI ELSS Tax Saver FUND - DIRECT PLAN -GROWTH,Equity Scheme,ELSS,SBI Mutual Fund,Direct,Growth
145819,INF680P01158,Shriram ELSS Tax Saver Fund - Direct Growth,Equity Scheme,ELSS,Shriram Mutual Fund,Direct,Growth
149570,INF173K01HZ7,Sundaram ELSS Tax Saver Fund Direct Plan Growth,Equity Scheme,ELSS,Sundaram Mutual Fund,Direct,Growth
132756,INF277K01I86,Tata ELSS Fund-Growth-Direct Plan,Equity Scheme,ELSS,Tata Mutual Fund,Direct,Growth
118866,INF044D01CG6,Taurus ELSS Tax Saver Fund - Direct Plan - Growth,Equity Scheme,ELSS,Taurus Mutual Fund,Direct,Growth
119307,INF582M01765,Union ELSS Tax Saver Fund - Direct Plan - Growth Option,Equity Scheme,ELSS,Union Mutual Fund,Direct,Growth
120715,INF789F01TF7,UTI ELSS Tax Saver Fund - Direct Plan - Growth Option,Equity Scheme,ELSS,UTI Mutual Fund,Direct,Growth
150587,INF03VN01621,WhiteOak Capital ELSS Tax Saver Fund Direct Plan Growth,Equity Scheme,ELSS,WhiteOak Capital Mutual Fund,Direct,Growth
151796,INF579M01AS1,360 ONE FLEXICAP FUND-DIRECT PLAN- GROWTH,Equity Scheme,Flexi Cap Fund,360 ONE Mutual Fund,Direct,Growth
154043,INF2JJD01136,Abakkus Flexi Cap Fund - Direct - Growth,Equity Scheme,Flexi Cap Fund,Abakkus Mutual Fund,Direct,Growth
120564,INF209K01XX1,Aditya Birla Sun Life Flexi Cap Fund - Growth - Direct Plan,Equity Scheme,Flexi Cap Fund,Aditya Birla Sun Life Mutual Fund,Direct,Growth
141925,INF846K01B28,Axis Flexi Cap Fund - Direct Plan - Growth,Equity Scheme,Flexi Cap Fund,Axis Mutual Fund,Direct,Growth
151895,INF0QA701342,Bajaj Finserv Flexi Cap Fund-Direct Plan-Growth,Equity Scheme,Flexi Cap Fund,Bajaj Finserv Mutual Fund,Direct,Growth
118424,INF194K01W62,BANDHAN Flexi Cap Fund-Direct Plan-Growth,Equity Scheme,Flexi Cap Fund,Bandhan Mutual Fund,Direct,Growth
148404,INF761K01FF5,BANK OF INDIA Flexi Cap Fund Direct Plan -Growth,Equity Scheme,Flexi Cap Fund,Bank of India Mutual Fund,Direct,Growth
150387,INF251K01QZ2,Baroda BNP Paribas Flexi Cap Fund - Direct Plan - Growth Option,Equity Scheme,Flexi Cap Fund,Baroda BNP Paribas Mutual Fund,Direct,Growth
118275,INF760K01EF0,CANARA ROBECO FLEXICAP FUND - DIRECT PLAN - GROWTH OPTION,Equity Scheme,Flexi Cap Fund,Canara Robeco Mutual Fund,Direct,Growth
153738,INF226401018,CAPITALMIND FLEXI CAP FUND DIRECT GROWTH,Equity Scheme,Flexi Cap Fund,Capitalmind Mutual Fund,Direct,Growth
119076,INF740K01PI2,DSP Flexi Cap Fund - Direct Plan - Growth,Equity Scheme,Flexi Cap Fund,DSP Mutual Fund,Direct,Growth
140353,INF843K01KK1,Edelweiss Flexi Cap Fund - Direct Plan - Growth Option,Equity Scheme,Flexi Cap Fund,Edelweiss Mutual Fund,Direct,Growth
118535,INF090I01FK3,Franklin India Flexi Cap Fund - Direct - Growth,Equity Scheme,Flexi Cap Fund,Franklin Templeton Mutual Fund,Direct,Growth
118955,INF179K01UT0,HDFC Flexi Cap Fund - Growth Option - Direct Plan,Equity Scheme,Flexi Cap Fund,HDFC Mutual Fund,Direct,Growth
152135,INF0R8701046,Helios Flexi Cap Fund - Direct Plan - Growth Option,Equity Scheme,Flexi Cap Fund,Helios Mutual Fund,Direct,Growth
120046,INF336L01DH5,HSBC Flexi Cap Fund - Direct Growth,Equity Scheme,Flexi Cap Fund,HSBC Mutual Fund,Direct,Growth
148990,INF109KC1R14,ICICI Prudential Flexicap Fund - Direct Plan - Growth,Equity Scheme,Flexi Cap Fund,ICICI Prudential Mutual Fund,Direct,Growth
149763,INF205KA1494,Invesco India Flexi Cap Fund - Direct Plan - Growth,Equity Scheme,Flexi Cap Fund,Invesco Mutual Fund,Direct,Growth
151379,INF00XX01CO7,ITI Flexi Cap Fund- Direct Plan- Growth,Equity Scheme,Flexi Cap Fund,ITI Mutual Fund,Direct,Growth
153859,INF22M001093,JioBlackRock Flexi Cap Fund - Direct Plan - Growth Option,Equity Scheme,Flexi Cap Fund,Jio BlackRock Mutual Fund,Direct,Growth
120492,INF192K01CC7,JM Flexicap Fund (Direct) - Growth Option,Equity Scheme,Flexi Cap Fund,JM Financial Mutual Fund,Direct,Growth
120166,INF174K01LS2,Kotak Flexicap Fund - Growth - Direct,Equity Scheme,Flexi Cap Fund,Kotak Mahindra Mutual Fund,Direct,Growth
120264,INF767K01EG3,LIC MF Flexi Cap Fund-Direct Plan-Growth,Equity Scheme,Flexi Cap Fund,LIC Mutual Fund,Direct,Growth
149104,INF174V01AS2,Mahindra Manulife Flexi Cap Fund - Direct Plan -Growth,Equity Scheme,Flexi Cap Fund,Mahindra Manulife Mutual Fund,Direct,Growth
151412,INF769K01JJ2,Mirae Asset Flexi Cap Fund - Direct Plan - Growth,Equity Scheme,Flexi Cap Fund,Mirae Asset Mutual Fund,Direct,Growth
129046,INF247L01502,Motilal Oswal Flexi cap Fund Direct Plan-Growth Option,Equity Scheme,Flexi Cap Fund,Motilal Oswal Mutual Fund,Direct,Growth
143793,INF959L01DT9,Navi Flexi Cap Fund - Direct Plan - Growth,Equity Scheme,Flexi Cap Fund,Navi Mutual Fund,Direct,Growth
149094,INF204KC1121,Nippon India Flexi Cap Fund - Direct Plan - Growth Plan - Growth Option,Equity Scheme,Flexi Cap Fund,Nippon India Mutual Fund,Direct,Growth
151917,INF0J8L01156,NJ Flexi Cap Fund - Direct Plan - Growth Option,Equity Scheme,Flexi Cap Fund,NJ Mutual Fund,Direct,Growth
154225,INF0S5R01133,Old Bridge Flexi Cap Fund Direct Growth,Equity Scheme,Flexi Cap Fund,Old Bridge Mutual Fund,Direct,Growth
133839,INF663L01FF1,PGIM India Flexi Cap Fund - Direct Plan - Growth Option,Equity Scheme,Flexi Cap Fund,PGIM India Mutual Fund,Direct,Growth
122639,INF879O01027,Parag Parikh Flexi Cap Fund - Direct Plan - Growth,Equity Scheme,Flexi Cap Fund,PPFAS Mutual Fund,Direct,Growth
120843,INF966L01911,quant Flexi Cap Fund - Growth Option-Direct Plan,Equity Scheme,Flexi Cap Fund,quant Mutual Fund,Direct,Growth
149450,INF0K1H01024,Samco Flexi Cap Fund - Direct Plan - Growth Option,Equity Scheme,Flexi Cap Fund,Samco Mutual Fund,Direct,Growth
119718,INF200K01UG1,SBI Flexicap Fund - DIRECT PLAN - Growth Option,Equity Scheme,Flexi Cap Fund,SBI Mutual Fund,Direct,Growth
144905,INF680P01109,Shriram Flexi Cap Fund - Direct Growth,Equity Scheme,Flexi Cap Fund,Shriram Mutual Fund,Direct,Growth
150571,INF903JA1LE2,Sundaram Flexicap Fund Direct Growth,Equity Scheme,Flexi Cap Fund,Sundaram Mutual Fund,Direct,Growth
144546,INF277K015K0,Tata Flexi Cap Fund-Direct Plan-Growth,Equity Scheme,Flexi Cap Fund,Tata Mutual Fund,Direct,Growth
118883,INF044D01BU9,Taurus Flexi Cap Fund - Direct Plan - Growth,Equity Scheme,Flexi Cap Fund,Taurus Mutual Fund,Direct,Growth
153872,INF2F0001040,THE WEALTH COMPANY FLEXI CAP FUND - DIRECT GROWTH,Equity Scheme,Flexi Cap Fund,The Wealth Company Mutual Fund,Direct,Growth
152584,INF0GCD01743,TRUSTMF Flexi Cap Fund-Direct Plan- Growth,Equity Scheme,Flexi Cap Fund,Trust Mutual Fund,Direct,Growth
153543,INF1MIY01031,Unifi Flexi Cap Fund - Direct Growth,Equity Scheme,Flexi Cap Fund,Unifi Mutual Fund,Direct,Growth
119292,INF582M01633,Union Flexi Cap Fund - Direct Plan - Growth Option,Equity Scheme,Flexi Cap Fund,Union Mutual Fund,Direct,Growth
120662,INF789F01TC4,UTI - Flexi Cap Fund-Growth Option - Direct,Equity Scheme,Flexi Cap Fund,UTI Mutual Fund,Direct,Growth
150346,INF03VN01530,WhiteOak Capital Flexi Cap Fund Direct Plan-Growth,Equity Scheme,Flexi Cap Fund,WhiteOak Capital Mutual Fund,Direct,Growth
131580,INF579M01902,360 ONE Focused Fund-Direct Plan-Growth,Equity Scheme,Focused Fund,360 ONE Mutual Fund,Direct,Growth
119564,INF209K01WE3,Aditya Birla Sun Life Focused Fund - Growth - Direct Plan,Equity Scheme,Focused Fund,Aditya Birla Sun Life Mutual Fund,Direct,Growth
120468,INF846K01CQ8,Axis Focused Fund - Direct Plan - Growth Option,Equity Scheme,Focused Fund,Axis Mutual Fund,Direct,Growth
118421,INF194K01W21,Bandhan Focused Fund - Direct Plan - Growth,Equity Scheme,Focused Fund,Bandhan Mutual Fund,Direct,Growth
150264,INF251K01PN0,BARODA BNP PARIBAS Focused Fund - Direct Plan - Growth Option,Equity Scheme,Focused Fund,Baroda BNP Paribas Mutual Fund,Direct,Growth
148883,INF760K01JQ6,Canara Robeco Focused Fund - Direct Plan - Growth Option,Equity Scheme,Focused Fund,Canara Robeco Mutual Fund,Direct,Growth
119096,INF740K01OB0,DSP Focused Fund - Direct Plan - Growth,Equity Scheme,Focused Fund,DSP Mutual Fund,Direct,Growth
150376,INF754K01OP1,Edelweiss Focused Fund - Direct Plan - Growth,Equity Scheme,Focused Fund,Edelweiss Mutual Fund,Direct,Growth
118564,INF090I01IW2,Franklin India Focused Equity Fund - Direct - Growth,Equity Scheme,Focused Fund,Franklin Templeton Mutual Fund,Direct,Growth
118950,INF179K01VK7,HDFC Focused Fund - Growth Option - Direct Plan,Equity Scheme,Focused Fund,HDFC Mutual Fund,Direct,Growth
148411,INF336L01PB2,HSBC Focused Fund - Direct Growth,Equity Scheme,Focused Fund,HSBC Mutual Fund,Direct,Growth
120722,INF109K018N2,ICICI Prudential Focused Equity Fund - Direct Plan - Growth,Equity Scheme,Focused Fund,ICICI Prudential Mutual Fund,Direct,Growth
148481,INF205KA1213,Invesco India Focused Fund - Direct Plan - Growth,Equity Scheme,Focused Fund,Invesco Mutual Fund,Direct,Growth
151777,INF00XX01CS8,ITI Focused Fund - Direct Plan - Growth,Equity Scheme,Focused Fund,ITI Mutual Fund,Direct,Growth
120488,INF192K01BW7,JM Focused Fund (Direct)  - Growth Option,Equity Scheme,Focused Fund,JM Financial Mutual Fund,Direct,Growth
147473,INF174KA1EN7,Kotak Focused Fund- Direct Plan- Growth option,Equity Scheme,Focused Fund,Kotak Mahindra Mutual Fund,Direct,Growth
152010,INF397L01KA7,LIC MF Focused Fund-Direct Plan-Growth,Equity Scheme,Focused Fund,LIC Mutual Fund,Direct,Growth
148567,INF174V01AG7,Mahindra Manulife Focused Fund - Direct Plan -Growth,Equity Scheme,Focused Fund,Mahindra Manulife Mutual Fund,Direct,Growth
147206,INF769K01EU0,Mirae Asset Focused Fund Direct Plan Growth,Equity Scheme,Focused Fund,Mirae Asset Mutual Fund,Direct,Growth
122389,INF247L01189,Motilal Oswal Focused Fund - Direct Plan Growth Option,Equity Scheme,Focused Fund,Motilal Oswal Mutual Fund,Direct,Growth
118692,INF204K01F95,Nippon India Focused Fund - Direct Plan Growth Plan - Growth Option,Equity Scheme,Focused Fund,Nippon India Mutual Fund,Direct,Growth
152358,INF0S5R01042,Old Bridge Focused Fund - Direct Growth,Equity Scheme,Focused Fund,Old Bridge Mutual Fund,Direct,Growth
120834,INF966L01853,quant Focused Fund - Growth Option-Direct Plan,Equity Scheme,Focused Fund,quant Mutual Fund,Direct,Growth
119727,INF200K01RJ1,SBI FOCUSED FUND - DIRECT PLAN -GROWTH,Equity Scheme,Focused Fund,SBI Mutual Fund,Direct,Growth
149533,INF173K01EK6,Sundaram Focused Fund (Formerly Known as Principal Focused Multicap Fund)- Direct Plan - Growth Option,Equity Scheme,Focused Fund,Sundaram Mutual Fund,Direct,Growth
147757,INF277K017X9,Tata Focused Fund-Direct Plan-Growth,Equity Scheme,Focused Fund,Tata Mutual Fund,Direct,Growth
147492,INF582M01FS4,Union Focused Fund - Direct Plan - Growth Option,Equity Scheme,Focused Fund,Union Mutual Fund,Direct,Growth
149091,INF789F1AVA3,UTI Focused Fund - Direct Plan - Growth Option,Equity Scheme,Focused Fund,UTI Mutual Fund,Direct,Growth
119436,INF209K01VH8,Aditya Birla Sun Life Large & Mid Cap Fund - Growth - Direct Plan,Equity Scheme,Large & Mid Cap Fund,Aditya Birla Sun Life Mutual Fund,Direct,Growth
145110,INF846K01J46,Axis Large & Mid Cap Fund - Direct Plan - Growth,Equity Scheme,Large & Mid Cap Fund,Axis Mutual Fund,Direct,Growth
152408,INF0QA701763,Bajaj Finserv Large and Mid Cap Fund- Direct Plan- Growth,Equity Scheme,Large & Mid Cap Fund,Bajaj Finserv Mutual Fund,Direct,Growth
118419,INF194K01V89,Bandhan Large & Mid Cap Fund - Direct Plan - Growth,Equity Scheme,Large & Mid Cap Fund,Bandhan Mutual Fund,Direct,Growth
119350,INF761K01652,BANK OF INDIA Large & Mid Cap Fund Direct Plan-Growth,Equity Scheme,Large & Mid Cap Fund,Bank of India Mutual Fund,Direct,Growth
148474,INF955L01JU2,Baroda BNP Paribas Large and Mid Cap Fund- Direct Plan -Growth Option,Equity Scheme,Large & Mid Cap Fund,Baroda BNP Paribas Mutual Fund,Direct,Growth
118278,INF760K01EI4,CANARA ROBECO LARGE AND MID CAP FUND - DIRECT PLAN - GROWTH OPTION,Equity Scheme,Large & Mid Cap Fund,Canara Robeco Mutual Fund,Direct,Growth
119218,INF740K01PL6,DSP Large & Mid Cap Fund - Direct Plan - Growth,Equity Scheme,Large & Mid Cap Fund,DSP Mutual Fund,Direct,Growth
140175,INF843K01AL0,Edelweiss Large & Mid Cap Fund - Direct Plan - Growth Option,Equity Scheme,Large & Mid Cap Fund,Edelweiss Mutual Fund,Direct,Growth
118510,INF090I01IN1,Franklin India Large & Mid Cap Fund - Direct - Growth,Equity Scheme,Large & Mid Cap Fund,Franklin Templeton Mutual Fund,Direct,Growth
130498,INF179KA1RQ7,HDFC Large and Mid Cap Fund - Growth Option - Direct Plan,Equity Scheme,Large & Mid Cap Fund,HDFC Mutual Fund,Direct,Growth
152941,INF0R8701269,Helios Large & Mid Cap Fund - Direct Plan - Growth Option,Equity Scheme,Large & Mid Cap Fund,Helios Mutual Fund,Direct,Growth
146772,INF336L01NV5,HSBC Large & Mid Cap Fund - Direct Growth,Equity Scheme,Large & Mid Cap Fund,HSBC Mutual Fund,Direct,Growth
120596,INF109K011O5,ICICI Prudential Large & Mid Cap Fund - Direct Plan - Growth,Equity Scheme,Large & Mid Cap Fund,ICICI Prudential Mutual Fund,Direct,Growth
120357,INF205K01MA0,Invesco India Large & Mid Cap Fund - Direct Plan - Growth,Equity Scheme,Large & Mid Cap Fund,Invesco Mutual Fund,Direct,Growth
152821,INF00XX01DA4,ITI Large & Midcap Fund - Direct Plan - Growth,Equity Scheme,Large & Mid Cap Fund,ITI Mutual Fund,Direct,Growth
153629,INF192K01NK7,JM Large & Mid Cap Fund (Direct) - Growth Option,Equity Scheme,Large & Mid Cap Fund,JM Financial Mutual Fund,Direct,Growth
120158,INF174K01LF9,Kotak Large & Midcap Fund - Direct- Growth,Equity Scheme,Large & Mid Cap Fund,Kotak Mahindra Mutual Fund,Direct,Growth
133710,INF767K01NE9,LIC MF Large & Mid Cap Fund-Direct Plan-Growth,Equity Scheme,Large & Mid Cap Fund,LIC Mutual Fund,Direct,Growth
147840,INF174V01945,Mahindra Manulife Large & Mid Cap Fund - Direct Plan -Growth,Equity Scheme,Large & Mid Cap Fund,Mahindra Manulife Mutual Fund,Direct,Growth
118834,INF769K01BI1,Mirae Asset Large & Midcap Fund - Direct Plan - Growth,Equity Scheme,Large & Mid Cap Fund,Mirae Asset Mutual Fund,Direct,Growth
147704,INF247L01999,Motilal Oswal Large and Midcap Fund - Direct Plan Growth,Equity Scheme,Large & Mid Cap Fund,Motilal Oswal Mutual Fund,Direct,Growth
135677,INF959L01CH6,Navi Large & Midcap Fund- Direct Plan- Growth Option,Equity Scheme,Large & Mid Cap Fund,Navi Mutual Fund,Direct,Growth
118675,INF204K01E96,Nippon India Vision Large & Mid Cap Fund - Direct Plan Growth Plan - Bonus Option,Equity Scheme,Large & Mid Cap Fund,Nippon India Mutual Fund,Direct,Growth
118678,INF204K01F20,Nippon India Vision Large & Mid Cap Fund - Direct Plan Growth Plan - Growth Option,Equity Scheme,Large & Mid Cap Fund,Nippon India Mutual Fund,Direct,Growth
152382,INF663L01Y12,PGIM India Large and Midcap Fund - Direct Plan - Growth Option,Equity Scheme,Large & Mid Cap Fund,PGIM India Mutual Fund,Direct,Growth
120826,INF966L01648,quant Large & Mid Cap Fund - Growth Option-Direct Plan,Equity Scheme,Large & Mid Cap Fund,quant Mutual Fund,Direct,Growth
153534,INF0K1H01271,Samco Large & Mid Cap Fund - Direct Plan - Growth Option,Equity Scheme,Large & Mid Cap Fund,Samco Mutual Fund,Direct,Growth
119721,INF200K01UJ5,SBI LARGE & MIDCAP FUND -DIRECT PLAN -Growth,Equity Scheme,Large & Mid Cap Fund,SBI Mutual Fund,Direct,Growth
119566,INF903J01PR9,Sundaram Large and Midcap Fund Direct Plan - Growth,Equity Scheme,Large & Mid Cap Fund,Sundaram Mutual Fund,Direct,Growth
119202,INF277K01MK8,Tata Large & MId Cap Fund -Direct Plan- Growth Option,Equity Scheme,Large & Mid Cap Fund,Tata Mutual Fund,Direct,Growth
154381,INF2F0001594,The Wealth Company Large & Mid Cap Fund Direct Growth,Equity Scheme,Large & Mid Cap Fund,The Wealth Company Mutual Fund,Direct,Growth
147750,INF582M01GA0,Union Large & Midcap Fund - Direct Plan - Growth Option,Equity Scheme,Large & Mid Cap Fund,Union Mutual Fund,Direct,Growth
120665,INF789F01UG3,UTI Large & Mid Cap Fund - Direct Plan - Growth Option,Equity Scheme,Large & Mid Cap Fund,UTI Mutual Fund,Direct,Growth
152226,INF03VN01845,Whiteoak Capital Large & Mid Cap Fund Direct Plan Growth,Equity Scheme,Large & Mid Cap Fund,WhiteOak Capital Mutual Fund,Direct,Growth
119528,INF209K01YY7,Aditya Birla Sun Life Large Cap Fund - Growth - Direct Plan,Equity Scheme,Large Cap Fund,Aditya Birla Sun Life Mutual Fund,Direct,Growth
120465,INF846K01DP8,Axis Large Cap Fund - Direct Plan - Growth,Equity Scheme,Large Cap Fund,Axis Mutual Fund,Direct,Growth
152783,INF0QA701896,BAJAJ FINSERV LARGE CAP FUND - DIRECT PLAN - GROWTH,Equity Scheme,Large Cap Fund,Bajaj Finserv Mutual Fund,Direct,Growth
118479,INF194K01Z44,BANDHAN Large Cap Fund-Direct Plan-Growth,Equity Scheme,Large Cap Fund,Bandhan Mutual Fund,Direct,Growth
148980,INF761K01FL3,BANK OF INDIA Large Cap Fund Direct Plan Growth,Equity Scheme,Large Cap Fund,Bank of India Mutual Fund,Direct,Growth
150187,INF251K01HN7,BARODA BNP PARIBAS LARGE CAP Fund - Direct Plan - Growth Option,Equity Scheme,Large Cap Fund,Baroda BNP Paribas Mutual Fund,Direct,Growth
118269,INF760K01FR2,CANARA ROBECO LARGE CAP FUND - DIRECT PLAN - GROWTH OPTION,Equity Scheme,Large Cap Fund,Canara Robeco Mutual Fund,Direct,Growth
119250,INF740K01PR3,DSP Large Cap Fund - Direct Plan - Growth,Equity Scheme,Large Cap Fund,DSP Mutual Fund,Direct,Growth
118617,INF754K01BW4,Edelweiss Large Cap Fund - Direct Plan-Growth option,Equity Scheme,Large Cap Fund,Edelweiss Mutual Fund,Direct,Growth
118531,INF090I01FN7,Franklin India Large Cap Fund- Direct - Growth,Equity Scheme,Large Cap Fund,Franklin Templeton Mutual Fund,Direct,Growth
119133,INF666M01600,Groww Largecap Fund (formerly known as Indiabulls Blue Chip Fund) - Direct Plan - Growth Option,Equity Scheme,Large Cap Fund,Groww Mutual Fund,Direct,Growth
119018,INF179K01YV8,HDFC Large Cap Fund - Growth Option - Direct Plan,Equity Scheme,Large Cap Fund,HDFC Mutual Fund,Direct,Growth
120030,INF336L01CM7,HSBC Large Cap Fund - Direct Growth,Equity Scheme,Large Cap Fund,HSBC Mutual Fund,Direct,Growth
120586,INF109K016L0,ICICI Prudential Large Cap Fund (erstwhile Bluechip Fund) - Direct Plan - Growth,Equity Scheme,Large Cap Fund,ICICI Prudential Mutual Fund,Direct,Growth
120392,INF205K01LB0,Invesco India Largecap Fund - Direct Plan - Growth,Equity Scheme,Large Cap Fund,Invesco Mutual Fund,Direct,Growth
148353,INF00XX01804,ITI Large Cap Fund - Direct Plan - Growth Option,Equity Scheme,Large Cap Fund,ITI Mutual Fund,Direct,Growth
154307,INF22M001176,JioBlackRock Large Cap Fund - Direct Plan - Growth Option,Equity Scheme,Large Cap Fund,Jio BlackRock Mutual Fund,Direct,Growth
120490,INF192K01BZ0,JM Large Cap Fund (Direct) - Growth Option,Equity Scheme,Large Cap Fund,JM Financial Mutual Fund,Direct,Growth
120152,INF174K01KW6,Kotak Large Cap  Fund - Growth - Direct,Equity Scheme,Large Cap Fund,Kotak Mahindra Mutual Fund,Direct,Growth
120267,INF767K01EJ7,LIC MF Large Cap Fund-Direct Plan-Growth,Equity Scheme,Large Cap Fund,LIC Mutual Fund,Direct,Growth
146549,INF174V01721,Mahindra Manulife Large Cap Fund - Direct Plan -Growth,Equity Scheme,Large Cap Fund,Mahindra Manulife Mutual Fund,Direct,Growth
118825,INF769K01AX2,Mirae Asset Large Cap Fund - Direct Plan - Growth,Equity Scheme,Large Cap Fund,Mirae Asset Mutual Fund,Direct,Growth
152354,INF247L01CE3,Motilal Oswal Large Cap Direct Plan Growth,Equity Scheme,Large Cap Fund,Motilal Oswal Mutual Fund,Direct,Growth
118633,INF204K01D30,Nippon India Large Cap Fund - Direct Plan Growth Plan - Bonus Option,Equity Scheme,Large Cap Fund,Nippon India Mutual Fund,Direct,Growth
118632,INF204K01XI3,Nippon India Large Cap Fund - Direct Plan Growth Plan - Growth Option,Equity Scheme,Large Cap Fund,Nippon India Mutual Fund,Direct,Growth
138312,INF663L01GR4,PGIM India Large Cap Fund - Direct Plan - Growth,Equity Scheme,Large Cap Fund,PGIM India Mutual Fund,Direct,Growth
154155,INF879O01332,Parag Parikh Large Cap Fund - Direct Plan - Growth,Equity Scheme,Large Cap Fund,PPFAS Mutual Fund,Direct,Growth
150440,INF966L01AT0,quant Large Cap Fund - Growth Option - Direct Plan,Equity Scheme,Large Cap Fund,quant Mutual Fund,Direct,Growth
153239,INF0K1H01255,Samco Large Cap Fund - Direct Plan - Growth Option,Equity Scheme,Large Cap Fund,Samco Mutual Fund,Direct,Growth
119598,INF200K01QX4,SBI Large Cap FUND-DIRECT PLAN -GROWTH,Equity Scheme,Large Cap Fund,SBI Mutual Fund,Direct,Growth
148507,INF903JA1JC0,Sundaram Large Cap Fund (Formerly Known as Sundaram Blue Chip Fund)Direct Plan - Growth,Equity Scheme,Large Cap Fund,Sundaram Mutual Fund,Direct,Growth
119160,INF277K01QZ7,Tata Large Cap Fund -Direct Plan Growth Option,Equity Scheme,Large Cap Fund,Tata Mutual Fund,Direct,Growth
118870,INF044D01BX3,Taurus Large Cap Fund - Direct Plan - Growth,Equity Scheme,Large Cap Fund,Taurus Mutual Fund,Direct,Growth
141248,INF582M01CU7,Union Largecap Fund - Direct Plan - Growth Option,Equity Scheme,Large Cap Fund,Union Mutual Fund,Direct,Growth
120656,INF789F01US8,UTI Large Cap Fund - Direct Plan - Growth Option,Equity Scheme,Large Cap Fund,UTI Mutual Fund,Direct,Growth
150797,INF03VN01696,WhiteOak Capital Large Cap Fund Direct Plan Growth,Equity Scheme,Large Cap Fund,WhiteOak Capital Mutual Fund,Direct,Growth
119620,INF209K01Q30,Aditya Birla Sun Life Midcap Fund - Growth - Direct Plan,Equity Scheme,Mid Cap Fund,Aditya Birla Sun Life Mutual Fund,Direct,Growth
120505,INF846K01EH3,Axis Midcap Fund - Direct Plan - Growth,Equity Scheme,Mid Cap Fund,Axis Mutual Fund,Direct,Growth
150404,INF194KB1DJ2,BANDHAN MIDCAP FUND - GROWTH - DIRECT PLAN,Equity Scheme,Mid Cap Fund,Bandhan Mutual Fund,Direct,Growth
153728,INF761K01GY4,Bank of India Mid Cap Fund - Direct Plan Growth,Equity Scheme,Mid Cap Fund,Bank of India Mutual Fund,Direct,Growth
150212,INF251K01HQ0,BARODA BNP PARIBAS Mid Cap Fund - Direct Plan - Growth Option,Equity Scheme,Mid Cap Fund,Baroda BNP Paribas Mutual Fund,Direct,Growth
150817,INF760K01KI1,Canara Robeco Mid Cap Fund- Direct Plan- Growth Option,Equity Scheme,Mid Cap Fund,Canara Robeco Mutual Fund,Direct,Growth
119071,INF740K01PX1,DSP Midcap Fund - Direct Plan - Growth,Equity Scheme,Mid Cap Fund,DSP Mutual Fund,Direct,Growth
140228,INF843K01AO4,Edelweiss Mid Cap Fund - Direct Plan - Growth Option,Equity Scheme,Mid Cap Fund,Edelweiss Mutual Fund,Direct,Growth
118533,INF090I01FH9,Franklin India Mid Cap Fund - Direct - Growth,Equity Scheme,Mid Cap Fund,Franklin Templeton Mutual Fund,Direct,Growth
118989,INF179K01XQ0,HDFC Mid Cap Fund - Growth Option - Direct Plan,Equity Scheme,Mid Cap Fund,HDFC Mutual Fund,Direct,Growth
153326,INF0R8701327,Helios Mid Cap Fund - Direct Plan - Growth Option,Equity Scheme,Mid Cap Fund,Helios Mutual Fund,Direct,Growth
151036,INF917K01FZ1,HSBC Midcap Fund - Direct Growth,Equity Scheme,Mid Cap Fund,HSBC Mutual Fund,Direct,Growth
120381,INF109K011N7,ICICI Prudential MidCap Fund - Direct Plan -  Growth,Equity Scheme,Mid Cap Fund,ICICI Prudential Mutual Fund,Direct,Growth
120403,INF205K01MV6,Invesco India Midcap Fund - Direct Plan - Growth Option,Equity Scheme,Mid Cap Fund,Invesco Mutual Fund,Direct,Growth
148733,INF00XX01929,ITI Mid Cap Fund - Direct Plan - Growth Option,Equity Scheme,Mid Cap Fund,ITI Mutual Fund,Direct,Growth
150815,INF192K01MV6,JM Midcap Fund (Direct) - Growth,Equity Scheme,Mid Cap Fund,JM Financial Mutual Fund,Direct,Growth
119775,INF174K01LT0,Kotak Midcap Fund - Direct Plan - Growth,Equity Scheme,Mid Cap Fund,Kotak Mahindra Mutual Fund,Direct,Growth
152002,INF397L01JK8,LIC MF Mid Cap Fund-Direct Plan-Growth,Equity Scheme,Mid Cap Fund,LIC Mutual Fund,Direct,Growth
142110,INF174V01507,Mahindra Manulife Mid Cap Fund - Direct Plan -Growth,Equity Scheme,Mid Cap Fund,Mahindra Manulife Mutual Fund,Direct,Growth
147445,INF769K01FA9,Mirae Asset Midcap Fund- Direct Growth Option,Equity Scheme,Mid Cap Fund,Mirae Asset Mutual Fund,Direct,Growth
127042,INF247L01445,Motilal Oswal Midcap Fund-Direct Plan-Growth Option,Equity Scheme,Mid Cap Fund,Motilal Oswal Mutual Fund,Direct,Growth
118666,INF204K01E39,NIPPON INDIA GROWTH MID CAP FUND - DIRECT Plan - IDCW Option,Equity Scheme,Mid Cap Fund,Nippon India Mutual Fund,Direct,Growth
118665,INF204K01E21,Nippon India Growth Mid Cap Fund - Direct Plan Growth Plan - Bonus Option,Equity Scheme,Mid Cap Fund,Nippon India Mutual Fund,Direct,Growth
118668,INF204K01E54,Nippon India Growth Mid Cap Fund - Direct Plan Growth Plan - Growth Option,Equity Scheme,Mid Cap Fund,Nippon India Mutual Fund,Direct,Growth
125307,INF663L01DV3,PGIM India Midcap Fund - Direct Plan - Growth Option,Equity Scheme,Mid Cap Fund,PGIM India Mutual Fund,Direct,Growth
120841,INF966L01887,quant Mid Cap Fund - Growth Option - Direct Plan,Equity Scheme,Mid Cap Fund,quant Mutual Fund,Direct,Growth
119716,INF200K01TP4,SBI MIDCAP FUND - DIRECT PLAN - GROWTH,Equity Scheme,Mid Cap Fund,SBI Mutual Fund,Direct,Growth
119581,INF903J01MJ3,Sundaram Mid Cap Fund Direct Plan - Growth,Equity Scheme,Mid Cap Fund,Sundaram Mutual Fund,Direct,Growth
119178,INF277K01PY2,Tata Mid Cap Fund - Direct Plan- Growth Option,Equity Scheme,Mid Cap Fund,Tata Mutual Fund,Direct,Growth
118872,INF044D01CA9,Taurus Mid Cap Fund - Direct Plan - Growth,Equity Scheme,Mid Cap Fund,Taurus Mutual Fund,Direct,Growth
154210,INF0GCD01875,TRUSTMF MID CAP FUND -DIRECT -GROWTH,Equity Scheme,Mid Cap Fund,Trust Mutual Fund,Direct,Growth
148073,INF582M01GI3,Union Midcap Fund - Direct Plan - Growth Option,Equity Scheme,Mid Cap Fund,Union Mutual Fund,Direct,Growth
120726,INF789F01UA6,UTI Mid Cap Fund-Growth Option- Direct,Equity Scheme,Mid Cap Fund,UTI Mutual Fund,Direct,Growth
150584,INF03VN01597,WhiteOak Capital Mid Cap Fund Direct Plan Growth,Equity Scheme,Mid Cap Fund,WhiteOak Capital Mutual Fund,Direct,Growth
148921,INF209KB1Y49,Aditya Birla Sun Life Multi-Cap Fund-Direct Growth,Equity Scheme,Multi Cap Fund,Aditya Birla Sun Life Mutual Fund,Direct,Growth
149383,INF846K013E0,Axis Multicap Fund - Direct Growth,Equity Scheme,Multi Cap Fund,Axis Mutual Fund,Direct,Growth
153309,INF0QA701AV7,BAJAJ FINSERV MULTI CAP FUND - DIRECT - GROWTH,Equity Scheme,Multi Cap Fund,Bajaj Finserv Mutual Fund,Direct,Growth
149303,INF194KB1CL0,BANDHAN MULTI CAP FUND - GROWTH - DIRECT PLAN,Equity Scheme,Multi Cap Fund,Bandhan Mutual Fund,Direct,Growth
151443,INF761K01FR0,Bank of India Multi Cap Fund Direct Plan - Growth,Equity Scheme,Multi Cap Fund,Bank of India Mutual Fund,Direct,Growth
119354,INF955L01AG0,Baroda BNP Paribas MULTI CAP FUND - Direct Plan - Growth Option,Equity Scheme,Multi Cap Fund,Baroda BNP Paribas Mutual Fund,Direct,Growth
151824,INF760K01KO9,Canara Robeco Multi Cap Fund - Direct Plan - Growth Option,Equity Scheme,Multi Cap Fund,Canara Robeco Mutual Fund,Direct,Growth
152310,INF740KA1UC1,DSP Multicap Fund - Direct - Growth,Equity Scheme,Multi Cap Fund,DSP Mutual Fund,Direct,Growth
152094,INF754K01SD8,Edelweiss Multi Cap Fund - Direct Plan - Growth,Equity Scheme,Multi Cap Fund,Edelweiss Mutual Fund,Direct,Growth
152739,INF090I01XA7,Franklin India Multi Cap Fund - Direct - Growth,Equity Scheme,Multi Cap Fund,Franklin Templeton Mutual Fund,Direct,Growth
153034,INF666M01JD9,Groww Multicap Fund - Direct - Growth,Equity Scheme,Multi Cap Fund,Groww Mutual Fund,Direct,Growth
149368,INF179KC1BS5,HDFC Multi Cap Fund - Growth Option - Direct Plan,Equity Scheme,Multi Cap Fund,HDFC Mutual Fund,Direct,Growth
151290,INF336L01QN5,HSBC Multi Cap Fund - Direct - Growth,Equity Scheme,Multi Cap Fund,HSBC Mutual Fund,Direct,Growth
120599,INF109K014O9,ICICI Prudential Multicap Fund - Direct Plan -  Growth,Equity Scheme,Multi Cap Fund,ICICI Prudential Mutual Fund,Direct,Growth
120413,INF205K01MS2,Invesco India Multicap Fund - Direct Plan - Growth Option,Equity Scheme,Multi Cap Fund,Invesco Mutual Fund,Direct,Growth
147183,INF00XX01168,ITI Multi Cap Fund - Direct Plan - Growth Option,Equity Scheme,Multi Cap Fund,ITI Mutual Fund,Direct,Growth
149185,INF174KA1HV3,Kotak Multicap Fund-Direct Plan-Growth,Equity Scheme,Multi Cap Fund,Kotak Mahindra Mutual Fund,Direct,Growth
150659,INF767K01RK7,LIC MF Multi Cap Fund-Direct Plan-Growth,Equity Scheme,Multi Cap Fund,LIC Mutual Fund,Direct,Growth
141226,INF174V01341,Mahindra Manulife Multi Cap Fund - Direct Plan -Growth,Equity Scheme,Multi Cap Fund,Mahindra Manulife Mutual Fund,Direct,Growth
151810,INF769K01KK8,Mirae Asset Multicap Fund - Direct Plan - Growth,Equity Scheme,Multi Cap Fund,Mirae Asset Mutual Fund,Direct,Growth
152651,INF247L01CL8,Motilal Oswal Multi Cap Fund-Direct Plan Growth,Equity Scheme,Multi Cap Fund,Motilal Oswal Mutual Fund,Direct,Growth
118651,INF204K01D55,Nippon India Multi Cap Fund - Direct Plan Growth Plan - Bonus Option,Equity Scheme,Multi Cap Fund,Nippon India Mutual Fund,Direct,Growth
118650,INF204K01XF9,Nippon India Multi Cap Fund - Direct Plan Growth Plan - Growth Option,Equity Scheme,Multi Cap Fund,Nippon India Mutual Fund,Direct,Growth
152815,INF663L01Z03,PGIM India Multi Cap Fund - Direct Plan - Growth Option,Equity Scheme,Multi Cap Fund,PGIM India Mutual Fund,Direct,Growth
120823,INF966L01614,quant Multi Cap Fund-GROWTH OPTION-Direct Plan,Equity Scheme,Multi Cap Fund,quant Mutual Fund,Direct,Growth
152847,INF0K1H01198,Samco Multi Cap Fund - Direct Plan - Growth,Equity Scheme,Multi Cap Fund,Samco Mutual Fund,Direct,Growth
149882,INF200KA18E2,SBI Multicap Fund- Direct Plan- Growth option,Equity Scheme,Multi Cap Fund,SBI Mutual Fund,Direct,Growth
149668,INF173K01FN7,Sundaram Multi Cap Fund (Formerly Known as Principal Multi Cap Growth Fund) - Direct Plan - Income Distribution CUM Capital Withdrawal Option (IDCW),Equity Scheme,Multi Cap Fund,Sundaram Mutual Fund,Direct,Growth
149669,INF173K01FQ0,Sundaram Multi Cap Fund (Formerly Known as Principal Multi Cap Growth Fund)-Direct Plan - Growth Option,Equity Scheme,Multi Cap Fund,Sundaram Mutual Fund,Direct,Growth
151232,INF277KA1679,Tata Multicap Fund - Direct Plan - Growth,Equity Scheme,Multi Cap Fund,Tata Mutual Fund,Direct,Growth
153644,INF0GCD01834,TRUSTMF MULTI CAP FUND -DIRECT PLAN-GROWTH,Equity Scheme,Multi Cap Fund,Trust Mutual Fund,Direct,Growth
150858,INF582M01IO7,Union Multicap Fund - Direct Plan - Growth Option,Equity Scheme,Multi Cap Fund,Union Mutual Fund,Direct,Growth
153515,INF789F1AB89,UTI Multi Cap Fund - Direct Plan - Growth Option,Equity Scheme,Multi Cap Fund,UTI Mutual Fund,Direct,Growth
152071,INF03VN01803,WhiteOak Capital Multi Cap Fund Direct Plan Growth,Equity Scheme,Multi Cap Fund,WhiteOak Capital Mutual Fund,Direct,Growth
149318,INF579M01AI2,360 ONE QUANT FUND DIRECT GROWTH,Equity Scheme,Sectoral/ Thematic,360 ONE Mutual Fund,Direct,Growth
125597,INF209K014W1,Aditya Birla Sun Life Banking and Financial Services Fund - Direct Plan - Growth,Equity Scheme,Sectoral/ Thematic,Aditya Birla Sun Life Mutual Fund,Direct,Growth
149295,INF209KB14D2,Aditya Birla Sun Life Business Cycle Fund-Direct Growth,Equity Scheme,Sectoral/ Thematic,Aditya Birla Sun Life Mutual Fund,Direct,Growth
119576,INF209K01VL0,Aditya Birla Sun Life Commodity Equities Fund - Global Agri Plan - Growth - Direct Plan,Equity Scheme,Sectoral/ Thematic,Aditya Birla Sun Life Mutual Fund,Direct,Growth
153124,INF209KC1373,Aditya Birla Sun Life Conglomerate Fund-Direct Growth,Equity Scheme,Sectoral/ Thematic,Aditya Birla Sun Life Mutual Fund,Direct,Growth
119591,INF209K01WC7,Aditya Birla Sun Life Consumption Fund - Growth - Direct Plan,Equity Scheme,Sectoral/ Thematic,Aditya Birla Sun Life Mutual Fund,Direct,Growth
120539,INF209K01VF2,Aditya Birla Sun Life Digital India Fund - Growth - Direct Plan,Equity Scheme,Sectoral/ Thematic,Aditya Birla Sun Life Mutual Fund,Direct,Growth
148637,INF209KB1U76,Aditya Birla Sun Life ESG Integration Strategy Fund-Direct Plan-Growth,Equity Scheme,Sectoral/ Thematic,Aditya Birla Sun Life Mutual Fund,Direct,Growth
119514,INF209K01WH6,Aditya Birla Sun Life Infrastructure Fund - Growth - Direct Plan,Equity Scheme,Sectoral/ Thematic,Aditya Birla Sun Life Mutual Fund,Direct,Growth
119517,INF209K01WS3,Aditya Birla Sun Life International Equity Fund - Growth - Direct Plan,Equity Scheme,Sectoral/ Thematic,Aditya Birla Sun Life Mutual Fund,Direct,Growth
119518,INF209K01WU9,Aditya Birla Sun Life International Equity Fund - Plan B - Growth - Direct Plan,Equity Scheme,Sectoral/ Thematic,Aditya Birla Sun Life Mutual Fund,Direct,Growth
133516,INF209KA1YK0,Aditya Birla Sun Life Manufacturing Equity Fund - Direct Plan - Growth,Equity Scheme,Sectoral/ Thematic,Aditya Birla Sun Life Mutual Fund,Direct,Growth
119646,INF209K01VT3,Aditya Birla Sun Life MNC Fund - Growth - Direct Plan,Equity Scheme,Sectoral/ Thematic,Aditya Birla Sun Life Mutual Fund,Direct,Growth
147409,INF209KB1O25,Aditya Birla Sun Life Pharma and Healthcare Fund-Direct-Growth,Equity Scheme,Sectoral/ Thematic,Aditya Birla Sun Life Mutual Fund,Direct,Growth
147844,INF209KB1O82,Aditya Birla Sun Life PSU Equity Fund-Direct Plan-Growth,Equity Scheme,Sectoral/ Thematic,Aditya Birla Sun Life Mutual Fund,Direct,Growth
152684,INF209KC1118,Aditya Birla Sun Life Quant Fund - Direct Growth,Equity Scheme,Sectoral/ Thematic,Aditya Birla Sun Life Mutual Fund,Direct,Growth
148539,INF209KB1T79,Aditya Birla Sun Life Special Opportunities Fund-Direct-Growth,Equity Scheme,Sectoral/ Thematic,Aditya Birla Sun Life Mutual Fund,Direct,Growth
152158,INF209KB15X7,Aditya Birla Sun Life Transportation and Logistics Fund-Direct Growth,Equity Scheme,Sectoral/ Thematic,Aditya Birla Sun Life Mutual Fund,Direct,Growth
151368,INF846K016N4,Axis Business Cycles Fund - Direct Plan - Growth,Equity Scheme,Sectoral/ Thematic,Axis Mutual Fund,Direct,Growth
152805,INF846K013X0,Axis Consumption Fund Direct Plan - Growth,Equity Scheme,Sectoral/ Thematic,Axis Mutual Fund,Direct,Growth
147928,INF846K01W23,Axis ESG Integration Strategy Fund - Direct Plan - Growth Option,Equity Scheme,Sectoral/ Thematic,Axis Mutual Fund,Direct,Growth
152202,INF846K016S3,Axis India Manufacturing Fund - Direct Plan - Growth,Equity Scheme,Sectoral/ Thematic,Axis Mutual Fund,Direct,Growth
148634,INF846K01X71,Axis Innovation Fund - Direct Plan - Growth Option,Equity Scheme,Sectoral/ Thematic,Axis Mutual Fund,Direct,Growth
153083,INF846K011Z9,Axis Momentum Fund - Direct Plan - Growth Option,Equity Scheme,Sectoral/ Thematic,Axis Mutual Fund,Direct,Growth
148993,INF846K01Z87,Axis Quant Fund - Direct Plan - Growth,Equity Scheme,Sectoral/ Thematic,Axis Mutual Fund,Direct,Growth
153624,INF846KA1168,Axis Services Opportunities Fund - Direct Plan - Growth Option,Equity Scheme,Sectoral/ Thematic,Axis Mutual Fund,Direct,Growth
153937,INF0QA701BZ6,Bajaj Finserv Banking and Financial Services Fund - Direct - Growth,Equity Scheme,Sectoral/ Thematic,Bajaj Finserv Mutual Fund,Direct,Growth
153075,INF0QA701946,BAJAJ FINSERV CONSUMPTION FUND - DIRECT - GROWTH,Equity Scheme,Sectoral/ Thematic,Bajaj Finserv Mutual Fund,Direct,Growth
153157,INF0QA701AB9,BAJAJ FINSERV HEALTHCARE FUND - DIRECT - GROWTH,Equity Scheme,Sectoral/ Thematic,Bajaj Finserv Mutual Fund,Direct,Growth
152878,INF194KB1IQ6,Bandhan Business Cycle Fund - Direct Plan - Growth,Equity Scheme,Sectoral/ Thematic,Bandhan Mutual Fund,Direct,Growth
151816,INF194KB1GB2,BANDHAN FINANCIAL SERVICES FUND - DIRECT PLAN - GROWTH,Equity Scheme,Sectoral/ Thematic,Bandhan Mutual Fund,Direct,Growth
153972,INF194KB1KF5,Bandhan Healthcare Fund - Direct Plan - Growth,Equity Scheme,Sectoral/ Thematic,Bandhan Mutual Fund,Direct,Growth
118469,INF194K01X46,BANDHAN Infrastructure Fund-Direct Plan-Growth,Equity Scheme,Sectoral/ Thematic,Bandhan Mutual Fund,Direct,Growth
152607,INF194KB1IE2,Bandhan Innovation Fund - Direct Plan - Growth,Equity Scheme,Sectoral/ Thematic,Bandhan Mutual Fund,Direct,Growth
153722,INF194KB1JX0,Bandhan Multi-Factor Fund - Direct Plan - Growth,Equity Scheme,Sectoral/ Thematic,Bandhan Mutual Fund,Direct,Growth
150716,INF194KB1EB7,BANDHAN TRANSPORTATION AND LOGISTICS FUND - GROWTH - DIRECT PLAN,Equity Scheme,Sectoral/ Thematic,Bandhan Mutual Fund,Direct,Growth
154093,INF761K01HE4,Bank of India Banking & Financial Services Fund - Direct Plan - Growth,Equity Scheme,Sectoral/ Thematic,Bank of India Mutual Fund,Direct,Growth
152789,INF761K01GF3,Bank of India Business Cycle Fund - Direct Plan - Growth,Equity Scheme,Sectoral/ Thematic,Bank of India Mutual Fund,Direct,Growth
153139,INF761K01GI7,Bank of India Consumption Fund - Direct - Growth,Equity Scheme,Sectoral/ Thematic,Bank of India Mutual Fund,Direct,Growth
119364,INF761K01702,BANK OF INDIA Manufacturing & Infrastructure Fund-Direct Plan-Growth,Equity Scheme,Sectoral/ Thematic,Bank of India Mutual Fund,Direct,Growth
119333,INF955L01971,Baroda BNP Paribas Banking and Financial Services Fund - Direct - Growth Option,Equity Scheme,Sectoral/ Thematic,Baroda BNP Paribas Mutual Fund,Direct,Growth
153847,INF251K01VJ6,Baroda BNP Paribas Business Conglomerates Fund Direct Growth Option,Equity Scheme,Sectoral/ Thematic,Baroda BNP Paribas Mutual Fund,Direct,Growth
149141,INF955L01KK1,Baroda BNP Paribas Business Cycle Fund - Direct Plan - Growth,Equity Scheme,Sectoral/ Thematic,Baroda BNP Paribas Mutual Fund,Direct,Growth
153225,INF251K01UJ8,Baroda BNP Paribas Energy Opportunities Fund - Direct Plan - Growth Option,Equity Scheme,Sectoral/ Thematic,Baroda BNP Paribas Mutual Fund,Direct,Growth
154195,INF251K01VP3,Baroda BNP Paribas Best-in-Class Strategy Fund - Direct - Growth Option,Equity Scheme,Sectoral/ Thematic,Baroda BNP Paribas Mutual Fund,Direct,Growth
153604,INF251K01VA5,Baroda BNP Paribas Health and Wellness Fund Direct Growth,Equity Scheme,Sectoral/ Thematic,Baroda BNP Paribas Mutual Fund,Direct,Growth
150266,INF251K01PT7,BARODA BNP PARIBAS India Consumption Fund - Direct Plan - Growth Option,Equity Scheme,Sectoral/ Thematic,Baroda BNP Paribas Mutual Fund,Direct,Growth
152470,INF251K01TE1,Baroda BNP Paribas Innovation Fund Direct plan - Growth Option,Equity Scheme,Sectoral/ Thematic,Baroda BNP Paribas Mutual Fund,Direct,Growth
152697,INF251K01TP7,Baroda BNP Paribas Manufacturing Fund - Direct Plan - Growth Option,Equity Scheme,Sectoral/ Thematic,Baroda BNP Paribas Mutual Fund,Direct,Growth
154250,INF760K01LN9,Canara Robeco Banking and Financials Services Fund - Direct Plan - Growth,Equity Scheme,Sectoral/ Thematic,Canara Robeco Mutual Fund,Direct,Growth
118273,INF760K01DU1,CANARA ROBECO CONSUMPTION FUND - DIRECT PLAN - GROWTH OPTION,Equity Scheme,Sectoral/ Thematic,Canara Robeco Mutual Fund,Direct,Growth
118267,INF760K01FO9,CANARA ROBECO INFRASTRUCTURE FUND - DIRECT PLAN - GROWTH OPTION,Equity Scheme,Sectoral/ Thematic,Canara Robeco Mutual Fund,Direct,Growth
152450,INF760K01KZ5,Canara Robeco Manufacturing Fund - Direct Plan - Growth Option,Equity Scheme,Sectoral/ Thematic,Canara Robeco Mutual Fund,Direct,Growth
152206,INF740KA1TQ3,DSP Banking & Financial Services Fund - Direct - Growth,Equity Scheme,Sectoral/ Thematic,DSP Mutual Fund,Direct,Growth
153121,INF740KA1UX7,DSP Business Cycle Fund - Direct - Growth,Equity Scheme,Sectoral/ Thematic,DSP Mutual Fund,Direct,Growth
145454,INF740KA1LG1,DSP Healthcare Fund - Direct Plan - Growth,Equity Scheme,Sectoral/ Thematic,DSP Mutual Fund,Direct,Growth
119247,INF740K01PU7,DSP India T.I.G.E.R. Fund - Direct Plan - Growth,Equity Scheme,Sectoral/ Thematic,DSP Mutual Fund,Direct,Growth
119028,INF740K01QA7,DSP Natural Resources and New Energy Fund - Direct Plan - Growth,Equity Scheme,Sectoral/ Thematic,DSP Mutual Fund,Direct,Growth
147306,INF740KA1NQ6,DSP Quant Fund - Direct Plan - Growth,Equity Scheme,Sectoral/ Thematic,DSP Mutual Fund,Direct,Growth
152710,INF754K01TA2,Edelweiss Business Cycle Fund - Direct Plan - Growth,Equity Scheme,Sectoral/ Thematic,Edelweiss Mutual Fund,Direct,Growth
153214,INF754K01TY2,Edelweiss Consumption Fund - Direct - Growth,Equity Scheme,Sectoral/ Thematic,Edelweiss Mutual Fund,Direct,Growth
154108,INF754K01WH1,Edelweiss Financial Services Fund - Direct Plan - Growth Option,Equity Scheme,Sectoral/ Thematic,Edelweiss Mutual Fund,Direct,Growth
142388,INF754K01ML4,Edelweiss Recently Listed IPO Fund Direct Plan Growth,Equity Scheme,Sectoral/ Thematic,Edelweiss Mutual Fund,Direct,Growth
152437,INF754K01SK3,Edelweiss Technology Fund - Direct Plan - Growth,Equity Scheme,Sectoral/ Thematic,Edelweiss Mutual Fund,Direct,Growth
118559,INF090I01IZ5,Franklin Asian Equity Fund - Direct - Growth,Equity Scheme,Sectoral/ Thematic,Franklin Templeton Mutual Fund,Direct,Growth
118557,INF090I01JF5,Franklin Build India Fund - Direct - Growth,Equity Scheme,Sectoral/ Thematic,Franklin Templeton Mutual Fund,Direct,Growth
153942,INF090I01YQ1,Franklin India Multi-Factor Fund- Direct- Growth,Equity Scheme,Sectoral/ Thematic,Franklin Templeton Mutual Fund,Direct,Growth
118539,INF090I01GC8,Franklin India Opportunities Fund - Direct - Growth,Equity Scheme,Sectoral/ Thematic,Franklin Templeton Mutual Fund,Direct,Growth
118537,INF090I01FE6,Franklin India Technology Fund - Direct - Growth,Equity Scheme,Sectoral/ Thematic,Franklin Templeton Mutual Fund,Direct,Growth
152254,INF666M01HS1,Groww Banking & Financial Services Fund - Direct Plan - Growth,Equity Scheme,Sectoral/ Thematic,Groww Mutual Fund,Direct,Growth
148986,INF179KC1BG0,HDFC Banking & Financial Services Fund - Growth Option - Direct Plan,Equity Scheme,Sectoral/ Thematic,HDFC Mutual Fund,Direct,Growth
150805,INF179KC1DY9,HDFC Business Cycle Fund - Growth Option - Direct Plan,Equity Scheme,Sectoral/ Thematic,HDFC Mutual Fund,Direct,Growth
151804,INF179KC1GO3,HDFC Consumption Fund - Growth Option - Direct Plan,Equity Scheme,Sectoral/ Thematic,HDFC Mutual Fund,Direct,Growth
151750,INF179KC1GI5,HDFC Defence Fund - Growth Option - Direct Plan,Equity Scheme,Sectoral/ Thematic,HDFC Mutual Fund,Direct,Growth
141924,INF179KC1AU3,HDFC Housing Opportunities Fund  - Growth Option - Direct Plan,Equity Scheme,Sectoral/ Thematic,HDFC Mutual Fund,Direct,Growth
118979,INF179K01WQ2,HDFC Infrastructure Fund - Growth Option - Direct Plan,Equity Scheme,Sectoral/ Thematic,HDFC Mutual Fund,Direct,Growth
153620,INF179KC1JO7,HDFC INNOVATION FUND - DIRECT PLAN - GROWTH OPTION,Equity Scheme,Sectoral/ Thematic,HDFC Mutual Fund,Direct,Growth
152600,INF179KC1II1,HDFC Manufacturing fund - Growth Option - Direct Plan,Equity Scheme,Sectoral/ Thematic,HDFC Mutual Fund,Direct,Growth
151458,INF179KC1FC0,HDFC MNC Fund - Growth Option - Direct Plan,Equity Scheme,Sectoral/ Thematic,HDFC Mutual Fund,Direct,Growth
152082,INF179KC1HO1,HDFC Pharma and Healthcare Fund - Growth Option - Direct Plan,Equity Scheme,Sectoral/ Thematic,HDFC Mutual Fund,Direct,Growth
152059,INF179KC1HI3,HDFC Technology Fund - Growth Option - Direct Plan,Equity Scheme,Sectoral/ Thematic,HDFC Mutual Fund,Direct,Growth
151901,INF179KC1GU0,HDFC Transportation and Logistics Fund - Growth Option - Direct Plan,Equity Scheme,Sectoral/ Thematic,HDFC Mutual Fund,Direct,Growth
152679,INF0R8701202,Helios Financial Services Fund - Direct Plan - Growth Option,Equity Scheme,Sectoral/ Thematic,Helios Mutual Fund,Direct,Growth
151142,INF917K01RI2,HSBC Business Cycles Fund - Direct Growth,Equity Scheme,Sectoral/ Thematic,HSBC Mutual Fund,Direct,Growth
152032,INF336L01QZ9,HSBC Consumption Fund - Direct Growth,Equity Scheme,Sectoral/ Thematic,HSBC Mutual Fund,Direct,Growth
153266,INF336L01RU8,HSBC Financial Services Fund - Direct Growth,Equity Scheme,Sectoral/ Thematic,HSBC Mutual Fund,Direct,Growth
152829,INF336L01RO1,HSBC India Export Opportunities Fund - Direct Growth,Equity Scheme,Sectoral/ Thematic,HSBC Mutual Fund,Direct,Growth
151040,INF917K01FW8,HSBC Infrastructure Fund - Direct Growth,Equity Scheme,Sectoral/ Thematic,HSBC Mutual Fund,Direct,Growth
153684,INF109K1A385,ICICI Prudential Active Momentum Fund - Direct Plan - Growth,Equity Scheme,Sectoral/ Thematic,ICICI Prudential Mutual Fund,Direct,Growth
120244,INF109K013J1,ICICI Prudential Banking and Financial Services Fund - Direct Plan -  Growth,Equity Scheme,Sectoral/ Thematic,ICICI Prudential Mutual Fund,Direct,Growth
146951,INF109KC1YD4,ICICI Prudential Bharat Consumption Fund - Direct Plan - Growth Option,Equity Scheme,Sectoral/ Thematic,ICICI Prudential Mutual Fund,Direct,Growth
148651,INF109KC1P24,ICICI Prudential Business Cycle Fund Direct Plan Growth,Equity Scheme,Sectoral/ Thematic,ICICI Prudential Mutual Fund,Direct,Growth
147662,INF109KC1F91,ICICI Prudential Commodities Fund - Direct Plan - Growth Option,Equity Scheme,Sectoral/ Thematic,ICICI Prudential Mutual Fund,Direct,Growth
153867,INF109K1A427,ICICI Prudential Conglomerate Fund - Direct Plan - Growth,Equity Scheme,Sectoral/ Thematic,ICICI Prudential Mutual Fund,Direct,Growth
152728,INF109KC12W6,ICICI PRUDENTIAL ENERGY OPPORTUNITIES FUND - Direct Plan - Growth,Equity Scheme,Sectoral/ Thematic,ICICI Prudential Mutual Fund,Direct,Growth
153070,INF109KC10Y6,ICICI Prudential Equity Minimum Variance Fund - Direct Plan - Growth,Equity Scheme,Sectoral/ Thematic,ICICI Prudential Mutual Fund,Direct,Growth
148516,INF109KC1O09,ICICI Prudential ESG Exclusionary Strategy Fund - Direct Plan - Growth,Equity Scheme,Sectoral/ Thematic,ICICI Prudential Mutual Fund,Direct,Growth
120688,INF109K01W25,ICICI Prudential Exports & Services Fund - Direct Plan - Growth,Equity Scheme,Sectoral/ Thematic,ICICI Prudential Mutual Fund,Direct,Growth
120587,INF109K01Z14,ICICI Prudential FMCG Fund - Direct Plan -  Growth,Equity Scheme,Sectoral/ Thematic,ICICI Prudential Mutual Fund,Direct,Growth
150310,INF109KC10C2,ICICI PRUDENTIAL HOUSING OPPORTUNITIES FUND - Direct Plan Growth,Equity Scheme,Sectoral/ Thematic,ICICI Prudential Mutual Fund,Direct,Growth
120621,INF109K018M4,ICICI Prudential Infrastructure Fund - Direct Plan -  Growth,Equity Scheme,Sectoral/ Thematic,ICICI Prudential Mutual Fund,Direct,Growth
151580,INF109KC12T2,ICICI Prudential Innovation Fund - Direct Plan - Growth,Equity Scheme,Sectoral/ Thematic,ICICI Prudential Mutual Fund,Direct,Growth
147346,INF109KC1D93,ICICI Prudential MNC Fund - Direct Plan - Growth Option,Equity Scheme,Sectoral/ Thematic,ICICI Prudential Mutual Fund,Direct,Growth
150539,INF109KC12I5,ICICI Prudential PSU Equity Fund - Direct Plan - Growth,Equity Scheme,Sectoral/ Thematic,ICICI Prudential Mutual Fund,Direct,Growth
153458,INF109K1A187,ICICI Prudential Quality Fund - Direct Plan - Growth,Equity Scheme,Sectoral/ Thematic,ICICI Prudential Mutual Fund,Direct,Growth
148600,INF109KC1O66,ICICI Prudential Quant Fund Direct Plan Growth,Equity Scheme,Sectoral/ Thematic,ICICI Prudential Mutual Fund,Direct,Growth
153184,INF109KC12Z9,ICICI Prudential Rural Opportunities Fund - Direct Plan - Growth,Equity Scheme,Sectoral/ Thematic,ICICI Prudential Mutual Fund,Direct,Growth
120594,INF109K01Z48,ICICI Prudential Technology Fund - Direct Plan -  Growth,Equity Scheme,Sectoral/ Thematic,ICICI Prudential Mutual Fund,Direct,Growth
150685,INF109KC12K1,ICICI PRUDENTIAL TRANSPORTATION AND LOGISTICS FUND - Direct Plan - Growth,Equity Scheme,Sectoral/ Thematic,ICICI Prudential Mutual Fund,Direct,Growth
120186,INF109K01Z71,ICICI Prudential US Bluechip Equity Fund - Direct Plan -  Growth,Equity Scheme,Sectoral/ Thematic,ICICI Prudential Mutual Fund,Direct,Growth
153291,INF205KA1AI8,Invesco India Business Cycle Fund - Direct Plan - Growth,Equity Scheme,Sectoral/ Thematic,Invesco Mutual Fund,Direct,Growth
153900,INF205KA1BI6,Invesco India Consumption Fund - Direct Plan - Growth,Equity Scheme,Sectoral/ Thematic,Invesco Mutual Fund,Direct,Growth
148751,INF205KA1338,Invesco India ESG Integration Strategy Fund - Direct Plan - Growth,Equity Scheme,Sectoral/ Thematic,Invesco Mutual Fund,Direct,Growth
120385,INF205K01KY4,Invesco India Financial Services Fund - Direct Plan - Growth,Equity Scheme,Sectoral/ Thematic,Invesco Mutual Fund,Direct,Growth
120405,INF205K01MD4,Invesco India Infrastructure Fund - Direct Plan - Growth Option,Equity Scheme,Sectoral/ Thematic,Invesco Mutual Fund,Direct,Growth
152756,INF205KA1908,Invesco India Manufacturing Fund - Direct Plan - Growth,Equity Scheme,Sectoral/ Thematic,Invesco Mutual Fund,Direct,Growth
120395,INF205K01NG5,Invesco India PSU Equity Fund - Direct Plan - Growth,Equity Scheme,Sectoral/ Thematic,Invesco Mutual Fund,Direct,Growth
152863,INF205KA1965,Invesco India Technology Fund - Direct Plan - Growth,Equity Scheme,Sectoral/ Thematic,Invesco Mutual Fund,Direct,Growth
149321,INF00XX01BU6,ITI Banking and Financial Services Fund - Direct Plan - Growth Option,Equity Scheme,Sectoral/ Thematic,ITI Mutual Fund,Direct,Growth
153260,INF00XX01DG1,ITI Bharat Consumption Fund - Direct Plan - Growth,Equity Scheme,Sectoral/ Thematic,ITI Mutual Fund,Direct,Growth
154157,INF00XX01DM9,ITI Business Cycle Fund- Direct Plan- Growth,Equity Scheme,Sectoral/ Thematic,ITI Mutual Fund,Direct,Growth
149268,INF00XX01BO9,ITI Pharma and Healthcare Fund - Direct Plan - Growth Option,Equity Scheme,Sectoral/ Thematic,ITI Mutual Fund,Direct,Growth
154082,INF22M001168,JioBlackRock Sector Rotation Fund - Direct Plan - Growth Option,Equity Scheme,Sectoral/ Thematic,Jio BlackRock Mutual Fund,Direct,Growth
153753,INF174KA1XA4,Kotak Active Momentum Fund - Direct Plan - Growth option,Equity Scheme,Sectoral/ Thematic,Kotak Mahindra Mutual Fund,Direct,Growth
151384,INF174KA1MD1,Kotak Banking & Financial Services Fund - Direct Plan - Growth,Equity Scheme,Sectoral/ Thematic,Kotak Mahindra Mutual Fund,Direct,Growth
150624,INF174KA1JN6,Kotak Business Cycle - Direct Plan - Growth,Equity Scheme,Sectoral/ Thematic,Kotak Mahindra Mutual Fund,Direct,Growth
152169,INF174KA1PP8,Kotak Consumption Fund - Direct plan - Growth Option,Equity Scheme,Sectoral/ Thematic,Kotak Mahindra Mutual Fund,Direct,Growth
153447,INF174KA1VX0,Kotak Energy Opportunities Fund-Direct-Growth,Equity Scheme,Sectoral/ Thematic,Kotak Mahindra Mutual Fund,Direct,Growth
148606,INF174KA1FI4,Kotak ESG Exclusionary Strategy Fund - Direct Plan - Growth Option,Equity Scheme,Sectoral/ Thematic,Kotak Mahindra Mutual Fund,Direct,Growth
152214,INF174KA1PZ7,Kotak Healthcare Fund - Direct Plan - Growth Option,Equity Scheme,Sectoral/ Thematic,Kotak Mahindra Mutual Fund,Direct,Growth
133801,INF178L01AL9,Kotak Infrastructure & Economic Reform Fund- Direct Plan- Growth Option,Equity Scheme,Sectoral/ Thematic,Kotak Mahindra Mutual Fund,Direct,Growth
149841,INF174KA1IF4,Kotak Manufacture in India Fund - Direct Plan Growth,Equity Scheme,Sectoral/ Thematic,Kotak Mahindra Mutual Fund,Direct,Growth
152910,INF174KA1TG9,Kotak MNC Fund-Direct Plan-Growth,Equity Scheme,Sectoral/ Thematic,Kotak Mahindra Mutual Fund,Direct,Growth
147727,INF174KA1EZ1,Kotak Pioneer Fund- Direct Plan- Growth Option,Equity Scheme,Sectoral/ Thematic,Kotak Mahindra Mutual Fund,Direct,Growth
151881,INF174KA1OL0,Kotak Quant Fund - Direct Plan - Growth Option,Equity Scheme,Sectoral/ Thematic,Kotak Mahindra Mutual Fund,Direct,Growth
153970,INF174KA1XW8,Kotak Rural Opportunities Fund - Direct Plan - Growth,Equity Scheme,Sectoral/ Thematic,Kotak Mahindra Mutual Fund,Direct,Growth
154149,INF174KA1YV8,Kotak Services Fund - Direct - Growth,Equity Scheme,Sectoral/ Thematic,Kotak Mahindra Mutual Fund,Direct,Growth
152702,INF174KA1SF3,Kotak Special Opportunities Fund - Direct Plan - Growth Option,Equity Scheme,Sectoral/ Thematic,Kotak Mahindra Mutual Fund,Direct,Growth
152462,INF174KA1QZ5,Kotak Technology Fund - Direct Plan - Growth Option,Equity Scheme,Sectoral/ Thematic,Kotak Mahindra Mutual Fund,Direct,Growth
153118,INF174KA1TS4,Kotak Transportation & Logistics Fund-Direct Growth,Equity Scheme,Sectoral/ Thematic,Kotak Mahindra Mutual Fund,Direct,Growth
134017,INF767K01NK6,LIC MF Banking and Financial Services Fund-Direct Plan-Growth,Equity Scheme,Sectoral/ Thematic,LIC Mutual Fund,Direct,Growth
153948,INF767K01SD0,LIC MF Consumption Fund-Direct Plan-Growth,Equity Scheme,Sectoral/ Thematic,LIC Mutual Fund,Direct,Growth
152024,INF397L01LK4,LIC MF Healthcare Fund-Direct Plan-Growth,Equity Scheme,Sectoral/ Thematic,LIC Mutual Fund,Direct,Growth
120351,INF767K01GW5,LIC MF Infrastructure Fund-Direct Plan-Growth,Equity Scheme,Sectoral/ Thematic,LIC Mutual Fund,Direct,Growth
152920,INF767K01RR2,LIC MF Manufacturing Fund-Direct Plan-Growth,Equity Scheme,Sectoral/ Thematic,LIC Mutual Fund,Direct,Growth
154244,INF767K01SJ7,LIC MF Technology Fund-Direct Plan-Growth,Equity Scheme,Sectoral/ Thematic,LIC Mutual Fund,Direct,Growth
152045,INF174V01BQ4,Mahindra Manulife Business Cycle Fund - Direct Plan - Growth,Equity Scheme,Sectoral/ Thematic,Mahindra Manulife Mutual Fund,Direct,Growth
145356,INF174V01663,Mahindra Manulife Consumption Fund - Direct Plan -Growth,Equity Scheme,Sectoral/ Thematic,Mahindra Manulife Mutual Fund,Direct,Growth
154121,INF174V01DA4,Mahindra Manulife Innovation Opportunities Fund - Direct - Growth,Equity Scheme,Sectoral/ Thematic,Mahindra Manulife Mutual Fund,Direct,Growth
152672,INF174V01CC2,Mahindra Manulife Manufacturing Fund - Direct Plan - Growth,Equity Scheme,Sectoral/ Thematic,Mahindra Manulife Mutual Fund,Direct,Growth
153674,INF174V01CO7,Mahindra Manulife Banking & Financial Services Fund - Direct - Growth,Equity Scheme,Sectoral/ Thematic,Mahindra Manulife Mutual Fund,Direct,Growth
148623,INF769K01GX9,Mirae Asset Banking and Financial Services Fund Direct Growth,Equity Scheme,Sectoral/ Thematic,Mirae Asset Mutual Fund,Direct,Growth
118837,INF769K01BL5,Mirae Asset Great Consumer Fund - Direct Plan - Growth,Equity Scheme,Sectoral/ Thematic,Mirae Asset Mutual Fund,Direct,Growth
143783,INF769K01ED6,Mirae Asset Healthcare Fund Direct Growth,Equity Scheme,Sectoral/ Thematic,Mirae Asset Mutual Fund,Direct,Growth
153983,INF769K01PV4,Mirae Asset Infrastructure Fund - Direct Plan - Growth,Equity Scheme,Sectoral/ Thematic,Mirae Asset Mutual Fund,Direct,Growth
153364,INF247L01EP5,Motilal Oswal Active Momentum Fund- Direct-Growth,Equity Scheme,Sectoral/ Thematic,Motilal Oswal Mutual Fund,Direct,Growth
152796,INF247L01DG6,Motilal Oswal Business Cycle Fund - Direct Plan- Growth,Equity Scheme,Sectoral/ Thematic,Motilal Oswal Mutual Fund,Direct,Growth
153913,INF247L01GA2,Motilal Oswal Consumption Fund-Direct-Growth,Equity Scheme,Sectoral/ Thematic,Motilal Oswal Mutual Fund,Direct,Growth
152964,INF247L01DN2,Motilal Oswal Digital India Fund - Direct Plan - Growth,Equity Scheme,Sectoral/ Thematic,Motilal Oswal Mutual Fund,Direct,Growth
154142,INF247L01GN5,Motilal Oswal Financial Services Fund- Direct Growth,Equity Scheme,Sectoral/ Thematic,Motilal Oswal Mutual Fund,Direct,Growth
153484,INF247L01EW1,Motilal Oswal Infrastructure Fund-Direct-Growth,Equity Scheme,Sectoral/ Thematic,Motilal Oswal Mutual Fund,Direct,Growth
153258,INF247L01EJ8,Motilal Oswal Innovation Opportunities Fund - Direct Plan- Growth,Equity Scheme,Sectoral/ Thematic,Motilal Oswal Mutual Fund,Direct,Growth
152760,INF247L01DA9,Motilal Oswal Manufacturing Fund - Direct Plan- Growth,Equity Scheme,Sectoral/ Thematic,Motilal Oswal Mutual Fund,Direct,Growth
152694,INF247L01CS3,Motilal Oswal Quant Fund - Direct - Growth,Equity Scheme,Sectoral/ Thematic,Motilal Oswal Mutual Fund,Direct,Growth
153558,INF247L01FE6,Motilal Oswal Services Fund - Direct Plan - Growth,Equity Scheme,Sectoral/ Thematic,Motilal Oswal Mutual Fund,Direct,Growth
153749,INF247L01FS6,Motilal Oswal Special Opportunities Fund - Direct - Growth,Equity Scheme,Sectoral/ Thematic,Motilal Oswal Mutual Fund,Direct,Growth
153274,INF204KC1EK5,Nippon India Active Momentum Fund-Direct Plan - Growth Option,Equity Scheme,Sectoral/ Thematic,Nippon India Mutual Fund,Direct,Growth
118588,INF204K01D22,Nippon India Banking & Financial Services Fund - Direct Plan Growth Plan - Bonus Option,Equity Scheme,Sectoral/ Thematic,Nippon India Mutual Fund,Direct,Growth
118589,INF204K01XO1,Nippon India Banking & Financial Services Fund - Direct Plan Growth Plan - Growth Option,Equity Scheme,Sectoral/ Thematic,Nippon India Mutual Fund,Direct,Growth
118722,INF204K01G29,Nippon India Consumption Fund - Direct Plan Growth Plan - Bonus,Equity Scheme,Sectoral/ Thematic,Nippon India Mutual Fund,Direct,Growth
118724,INF204K01G52,Nippon India Consumption Fund - Direct Plan Growth Plan - Growth Option,Equity Scheme,Sectoral/ Thematic,Nippon India Mutual Fund,Direct,Growth
152033,INF204KC1BO3,Nippon India Innovation Fund-Direct Plan-Growth Option,Equity Scheme,Sectoral/ Thematic,Nippon India Mutual Fund,Direct,Growth
130861,INF204KA1SK7,Nippon India Japan Equity Fund- Direct Plan- Growth Plan- Bonus Option,Equity Scheme,Sectoral/ Thematic,Nippon India Mutual Fund,Direct,Growth
130860,INF204KA1SI1,Nippon India Japan Equity Fund- Direct Plan- Growth Plan- Growth Option,Equity Scheme,Sectoral/ Thematic,Nippon India Mutual Fund,Direct,Growth
153693,INF204KC1FR7,Nippon India MNC Fund- Direct Plan- Growth Option,Equity Scheme,Sectoral/ Thematic,Nippon India Mutual Fund,Direct,Growth
118758,INF204K01I27,Nippon India Pharma Fund - Direct Plan Growth Plan - Bonus Option,Equity Scheme,Sectoral/ Thematic,Nippon India Mutual Fund,Direct,Growth
118759,INF204K01I50,Nippon India Pharma Fund - Direct Plan Growth Plan - Growth Option,Equity Scheme,Sectoral/ Thematic,Nippon India Mutual Fund,Direct,Growth
118762,INF204K01I68,Nippon India Power & Infra Fund - Direct Plan Growth Plan - Bonus Option,Equity Scheme,Sectoral/ Thematic,Nippon India Mutual Fund,Direct,Growth
118763,INF204K01I92,Nippon India Power & Infra Fund - Direct Plan Growth Plan - Growth Option,Equity Scheme,Sectoral/ Thematic,Nippon India Mutual Fund,Direct,Growth
118770,INF204K01J00,Nippon India Quant Fund - Direct Plan Growth Plan - Bonus Option,Equity Scheme,Sectoral/ Thematic,Nippon India Mutual Fund,Direct,Growth
118769,INF204K01J34,Nippon India Quant Fund - Direct Plan Growth Plan - Growth Option,Equity Scheme,Sectoral/ Thematic,Nippon India Mutual Fund,Direct,Growth
149329,INF204KC1303,Nippon India Taiwan Equity Fund- Direct Plan- Growth Option,Equity Scheme,Sectoral/ Thematic,Nippon India Mutual Fund,Direct,Growth
134923,INF204KA15G5,Nippon India US Equity Opportunities Fund- Direct Plan- Growth Plan- Growth Option,Equity Scheme,Sectoral/ Thematic,Nippon India Mutual Fund,Direct,Growth
153039,INF663L01Z45,PGIM India Healthcare Fund - Direct Plan - Growth Option,Equity Scheme,Sectoral/ Thematic,PGIM India Mutual Fund,Direct,Growth
151791,INF966L01BX0,quant BFSI Fund - Growth Option - Direct Plan,Equity Scheme,Sectoral/ Thematic,quant Mutual Fund,Direct,Growth
151757,INF966L01BR2,quant Business Cycle Fund - Growth Option - Direct Plan,Equity Scheme,Sectoral/ Thematic,quant Mutual Fund,Direct,Growth
152255,INF966L01DF3,quant Commodities Fund - Growth Option - Direct Plan,Equity Scheme,Sectoral/ Thematic,quant Mutual Fund,Direct,Growth
152336,INF966L01DN7,quant Consumption Fund - Growth Option - Direct Plan,Equity Scheme,Sectoral/ Thematic,quant Mutual Fund,Direct,Growth
148564,INF966L01AD4,quant ESG Integration Strategy Fund - Growth Option - Direct Plan,Equity Scheme,Sectoral/ Thematic,quant Mutual Fund,Direct,Growth
151853,INF966L01CD0,quant Healthcare Fund - Growth Option - Direct Plan,Equity Scheme,Sectoral/ Thematic,quant Mutual Fund,Direct,Growth
120833,INF966L01721,quant Infrastructure Fund - Growth Option-Direct Plan,Equity Scheme,Sectoral/ Thematic,quant Mutual Fund,Direct,Growth
151916,INF966L01CJ7,quant Manufacturing Fund - Growth Option - Direct Plan,Equity Scheme,Sectoral/ Thematic,quant Mutual Fund,Direct,Growth
152189,INF966L01CZ3,quant Momentum Fund - Growth Option - Direct Plan,Equity Scheme,Sectoral/ Thematic,quant Mutual Fund,Direct,Growth
152415,INF966L01DT4,quant PSU Fund - Growth Option - Direct Plan,Equity Scheme,Sectoral/ Thematic,quant Mutual Fund,Direct,Growth
148925,INF966L01AK9,quant Quantamental Fund - Growth Option - Direct Plan,Equity Scheme,Sectoral/ Thematic,quant Mutual Fund,Direct,Growth
152067,INF966L01CT6,quant Teck Fund - Growth Option - Direct Plan,Equity Scheme,Sectoral/ Thematic,quant Mutual Fund,Direct,Growth
147372,INF082J01382,QUANTUM ESG BEST IN CLASS STRATEGY FUND - DIRECT PLAN - GROWTH OPTION,Equity Scheme,Sectoral/ Thematic,Quantum Mutual Fund,Direct,Growth
153094,INF082J01473,Quantum Ethical Fund - Direct Plan Growth Option,Equity Scheme,Sectoral/ Thematic,Quantum Mutual Fund,Direct,Growth
151753,INF0K1H01081,Samco Active Momentum Fund - Direct Plan - Growth Option,Equity Scheme,Sectoral/ Thematic,Samco Mutual Fund,Direct,Growth
152586,INF0K1H01180,Samco Special Opportunities Fund - Direct Plan - Growth,Equity Scheme,Sectoral/ Thematic,Samco Mutual Fund,Direct,Growth
152657,INF200KB1183,SBI Automotive Opportunities Fund - Direct Plan - Growth,Equity Scheme,Sectoral/ Thematic,SBI Mutual Fund,Direct,Growth
133859,INF200KA1507,SBI BANKING & FINANCIAL SERVICES FUND - DIRECT PLAN - GROWTH,Equity Scheme,Sectoral/ Thematic,SBI Mutual Fund,Direct,Growth
119705,INF200K01SB6,SBI COMMA Fund - DIRECT PLAN - Growth,Equity Scheme,Sectoral/ Thematic,SBI Mutual Fund,Direct,Growth
120575,INF200K01RM5,SBI CONSUMPTION OPPORTUNITIES FUND - DIRECT PLAN - GROWTH,Equity Scheme,Sectoral/ Thematic,SBI Mutual Fund,Direct,Growth
152417,INF200KB1126,SBI Energy Opportunities Fund - Direct Plan - Growth,Equity Scheme,Sectoral/ Thematic,SBI Mutual Fund,Direct,Growth
146643,INF200KA1A71,SBI Equity Minimum Variance Fund - Direct Plan - Growth,Equity Scheme,Sectoral/ Thematic,SBI Mutual Fund,Direct,Growth
119709,INF200K01SE0,SBI ESG Exclusionary Strategy Fund - Direct Plan -Growth,Equity Scheme,Sectoral/ Thematic,SBI Mutual Fund,Direct,Growth
119783,INF200K01UP2,SBI HEALTHCARE OPPORTUNITIES FUND - DIRECT PLAN -GROWTH,Equity Scheme,Sectoral/ Thematic,SBI Mutual Fund,Direct,Growth
119700,INF200K01RS2,SBI INFRASTRUCTURE FUND -  DIRECT PLAN - GROWTH,Equity Scheme,Sectoral/ Thematic,SBI Mutual Fund,Direct,Growth
152776,INF200KB1324,SBI Innovative Opportunities Fund - Direct Plan - Growth,Equity Scheme,Sectoral/ Thematic,SBI Mutual Fund,Direct,Growth
119711,INF200K01SN1,SBI MNC FUND - DIRECT PLAN -GROWTH,Equity Scheme,Sectoral/ Thematic,SBI Mutual Fund,Direct,Growth
119732,INF200K01UY4,SBI PSU Fund - DIRECT PLAN - GROWTH,Equity Scheme,Sectoral/ Thematic,SBI Mutual Fund,Direct,Growth
154177,INF200KB1AG6,SBI Quality Fund - Direct Plan - Growth,Equity Scheme,Sectoral/ Thematic,SBI Mutual Fund,Direct,Growth
153154,INF200KB1506,SBI Quant Fund- Direct Plan- Growth,Equity Scheme,Sectoral/ Thematic,SBI Mutual Fund,Direct,Growth
120578,INF200K01RV6,SBI TECHNOLOGY OPPORTUNITIES FUND - DIRECT PLAN - GROWTH,Equity Scheme,Sectoral/ Thematic,SBI Mutual Fund,Direct,Growth
153076,INF680P01455,Shriram Multi Sector Rotation Fund - Direct Plan Growth Option,Equity Scheme,Sectoral/ Thematic,Shriram Mutual Fund,Direct,Growth
152677,INF903JA1LQ6,Sundaram Business Cycle Fund Direct Plan Growth,Equity Scheme,Sectoral/ Thematic,Sundaram Mutual Fund,Direct,Growth
119595,INF903J01NH5,Sundaram Consumption Fund (Formerly Known as Sundaram Rural and Consumption Fund Direct Plan - Growth),Equity Scheme,Sectoral/ Thematic,Sundaram Mutual Fund,Direct,Growth
119597,INF903J01NB8,Sundaram Financial Services Opportunities Fund Direct Plan - Growth,Equity Scheme,Sectoral/ Thematic,Sundaram Mutual Fund,Direct,Growth
129212,INF903J01F92,Sundaram Infrastructure Advantage Fund Direct Plan - Growth,Equity Scheme,Sectoral/ Thematic,Sundaram Mutual Fund,Direct,Growth
153669,INF903JA1LV6,Sundaram Multi-Factor Fund - Direct - Growth,Equity Scheme,Sectoral/ Thematic,Sundaram Mutual Fund,Direct,Growth
144835,INF903JA1FA2,Sundaram Services Fund Direct Plan - Growth,Equity Scheme,Sectoral/ Thematic,Sundaram Mutual Fund,Direct,Growth
135793,INF277K01Z10,Tata Banking And Financial Services Fund-Direct Plan-Growth,Equity Scheme,Sectoral/ Thematic,Tata Mutual Fund,Direct,Growth
149071,INF277KA1166,Tata Business Cycle Fund-Direct Plan-Growth,Equity Scheme,Sectoral/ Thematic,Tata Mutual Fund,Direct,Growth
135800,INF277K01Z77,Tata Digital India Fund-Direct Plan-Growth,Equity Scheme,Sectoral/ Thematic,Tata Mutual Fund,Direct,Growth
119172,INF277K01NG4,Tata Ethical Fund -Direct Plan- Growth Option,Equity Scheme,Sectoral/ Thematic,Tata Mutual Fund,Direct,Growth
150532,INF277KA1497,Tata Housing Opportunities Fund - Direct Plan - Growth,Equity Scheme,Sectoral/ Thematic,Tata Mutual Fund,Direct,Growth
135805,INF277K013A6,Tata India Consumer Fund-Direct Plan-Growth,Equity Scheme,Sectoral/ Thematic,Tata Mutual Fund,Direct,Growth
153055,INF277KA1CU2,Tata India Innovation Fund- Direct Growth,Equity Scheme,Sectoral/ Thematic,Tata Mutual Fund,Direct,Growth
135810,INF277K019A3,Tata India Pharma & Healthcare Fund-Direct Plan-Growth,Equity Scheme,Sectoral/ Thematic,Tata Mutual Fund,Direct,Growth
119243,INF277K01PQ8,Tata Infrastructure Fund -Direct Plan -Growth Option,Equity Scheme,Sectoral/ Thematic,Tata Mutual Fund,Direct,Growth
147864,INF277K013Y6,Tata Quant Fund-Direct Plan-Growth,Equity Scheme,Sectoral/ Thematic,Tata Mutual Fund,Direct,Growth
135813,INF277K015B9,Tata Resources & Energy Fund-Direct Plan-Growth,Equity Scheme,Sectoral/ Thematic,Tata Mutual Fund,Direct,Growth
118868,INF044D01CN2,Taurus Banking & Financial Services Fund - Direct Plan - Growth,Equity Scheme,Sectoral/ Thematic,Taurus Mutual Fund,Direct,Growth
118876,INF044D01CJ0,Taurus Ethical Fund - Direct Plan - Growth,Equity Scheme,Sectoral/ Thematic,Taurus Mutual Fund,Direct,Growth
118879,INF044D01CD3,Taurus Infrastructure Fund - Direct Plan - Growth,Equity Scheme,Sectoral/ Thematic,Taurus Mutual Fund,Direct,Growth
153895,INF2F0001214,THE WEALTH COMPANY ETHICAL FUND DIRECT GROWTH,Equity Scheme,Sectoral/ Thematic,The Wealth Company Mutual Fund,Direct,Growth
153109,INF582M01KG9,Union Active Momentum Fund - Direct Plan - Growth Option,Equity Scheme,Sectoral/ Thematic,Union Mutual Fund,Direct,Growth
152409,INF582M01JQ0,Union Business Cycle Fund - Direct Plan - Growth Option,Equity Scheme,Sectoral/ Thematic,Union Mutual Fund,Direct,Growth
154020,INF582M01MH3,Union Consumption Fund - Direct Plan - Growth Option,Equity Scheme,Sectoral/ Thematic,Union Mutual Fund,Direct,Growth
151905,INF582M01JE6,Union Innovation & Opportunities Fund - Direct Plan - Growth Option,Equity Scheme,Sectoral/ Thematic,Union Mutual Fund,Direct,Growth
120733,INF789F01SN3,UTI Banking and Financial Services Fund - Direct Plan - Growth Option,Equity Scheme,Sectoral/ Thematic,UTI Mutual Fund,Direct,Growth
120782,INF789F01TO9,UTI Healthcare Fund - Direct Plan - Growth Option,Equity Scheme,Sectoral/ Thematic,UTI Mutual Fund,Direct,Growth
120780,INF789F01VF3,UTI India Consumer Fund - Direct Plan - Growth Option,Equity Scheme,Sectoral/ Thematic,UTI Mutual Fund,Direct,Growth
120728,INF789F01TU6,UTI Infrastructure Fund-Growth Option- Direct,Equity Scheme,Sectoral/ Thematic,UTI Mutual Fund,Direct,Growth
120682,INF789F01UD0,UTI - MNC Fund - Growth Option - Direct,Equity Scheme,Sectoral/ Thematic,UTI Mutual Fund,Direct,Growth
120731,INF789F01SH5,UTI-Transportation and Logistics  Fund-Growth Option- Direct,Equity Scheme,Sectoral/ Thematic,UTI Mutual Fund,Direct,Growth
152087,INF789F1AZA4,UTI Innovation Fund - Direct Plan - Growth Option,Equity Scheme,Sectoral/ Thematic,UTI Mutual Fund,Direct,Growth
153204,INF789F1AA98,UTI Quant Fund - Direct Plan - Growth Option,Equity Scheme,Sectoral/ Thematic,UTI Mutual Fund,Direct,Growth
152321,INF03VN01860,WhiteOak Capital Banking & Financial Services Fund - Direct Growth,Equity Scheme,Sectoral/ Thematic,WhiteOak Capital Mutual Fund,Direct,Growth
154161,INF03VN01AD3,WhiteOak Capital Consumption Opportunities Fund Direct Plan Growth,Equity Scheme,Sectoral/ Thematic,WhiteOak Capital Mutual Fund,Direct,Growth
152915,INF03VN01936,WhiteOak Capital Digital Bharat Fund Direct Plan Growth,Equity Scheme,Sectoral/ Thematic,WhiteOak Capital Mutual Fund,Direct,Growth
152962,INF03VN01951,WhiteOak Capital ESG Best-In-Class Strategy Fund Direct Plan Growth,Equity Scheme,Sectoral/ Thematic,WhiteOak Capital Mutual Fund,Direct,Growth
152349,INF03VN01886,WhiteOak Capital Pharma and Heathcare Fund Direct Plan Growth,Equity Scheme,Sectoral/ Thematic,WhiteOak Capital Mutual Fund,Direct,Growth
153189,INF03VN01977,WhiteOak Capital Quality Equity Fund Direct Plan Growth,Equity Scheme,Sectoral/ Thematic,WhiteOak Capital Mutual Fund,Direct,Growth
152644,INF03VN01902,WhiteOak Capital Special Opportunities Fund - Direct Growth,Equity Scheme,Sectoral/ Thematic,WhiteOak Capital Mutual Fund,Direct,Growth
154215,INF2JJD01177,Abakkus Small Cap Fund - Direct Plan - Growth,Equity Scheme,Small Cap Fund,Abakkus Mutual Fund,Direct,Growth
119556,INF209K01WN4,Aditya Birla Sun Life Small Cap Fund - Growth - Direct Plan,Equity Scheme,Small Cap Fund,Aditya Birla Sun Life Mutual Fund,Direct,Growth
125354,INF846K01K35,Axis Small Cap Fund - Direct Plan - Growth,Equity Scheme,Small Cap Fund,Axis Mutual Fund,Direct,Growth
153612,INF0QA701BN2,BAJAJ FINSERV SMALL CAP FUND - DIRECT - GROWTH,Equity Scheme,Small Cap Fund,Bajaj Finserv Mutual Fund,Direct,Growth
147946,INF194KB1AL4,BANDHAN SMALL CAP FUND - DIRECT PLAN GROWTH,Equity Scheme,Small Cap Fund,Bandhan Mutual Fund,Direct,Growth
145678,INF761K01EP7,BANK OF INDIA Small Cap Fund Direct Plan Growth,Equity Scheme,Small Cap Fund,Bank of India Mutual Fund,Direct,Growth
152128,INF251K01SR5,Baroda BNP Paribas Small Cap Fund - Direct Plan - Growth option,Equity Scheme,Small Cap Fund,Baroda BNP Paribas Mutual Fund,Direct,Growth
146130,INF760K01JC6,CANARA ROBECO SMALL CAP FUND - DIRECT PLAN - GROWTH OPTION,Equity Scheme,Small Cap Fund,Canara Robeco Mutual Fund,Direct,Growth
119212,INF740K01QD1,DSP Small Cap Fund - Direct Plan - Growth,Equity Scheme,Small Cap Fund,DSP Mutual Fund,Direct,Growth
146196,INF754K01JN6,Edelweiss Small Cap Fund - Direct Plan - Growth,Equity Scheme,Small Cap Fund,Edelweiss Mutual Fund,Direct,Growth
118525,INF090I01IQ4,Franklin India Small Cap Fund - Direct - Growth,Equity Scheme,Small Cap Fund,Franklin Templeton Mutual Fund,Direct,Growth
154063,INF666M01NJ8,Groww Small Cap Fund-Direct-Growth,Equity Scheme,Small Cap Fund,Groww Mutual Fund,Direct,Growth
130503,INF179KA1RW5,HDFC Small Cap Fund - Growth Option - Direct Plan,Equity Scheme,Small Cap Fund,HDFC Mutual Fund,Direct,Growth
153912,INF0R8701384,Helios Small Cap Fund - Direct Plan - Growth Option,Equity Scheme,Small Cap Fund,Helios Mutual Fund,Direct,Growth
151130,INF917K01QA1,HSBC Small Cap Fund - Direct Growth,Equity Scheme,Small Cap Fund,HSBC Mutual Fund,Direct,Growth
120591,INF109K015M0,ICICI Prudential Smallcap Fund - Direct Plan - Growth,Equity Scheme,Small Cap Fund,ICICI Prudential Mutual Fund,Direct,Growth
145137,INF205K013T3,Invesco India Smallcap Fund - Direct Plan - Growth,Equity Scheme,Small Cap Fund,Invesco Mutual Fund,Direct,Growth
147919,INF00XX01747,ITI Small Cap Fund - Direct Plan - Growth Option,Equity Scheme,Small Cap Fund,ITI Mutual Fund,Direct,Growth
152614,INF192K01NH3,JM Small Cap Fund (Direct) - Growth Option,Equity Scheme,Small Cap Fund,JM Financial Mutual Fund,Direct,Growth
120164,INF174K01KT2,Kotak-Small Cap Fund - Growth - Direct,Equity Scheme,Small Cap Fund,Kotak Mahindra Mutual Fund,Direct,Growth
152004,INF397L01JS1,LIC MF Small Cap Fund-Direct Plan-Growth,Equity Scheme,Small Cap Fund,LIC Mutual Fund,Direct,Growth
150915,INF174V01BK7,Mahindra Manulife Small Cap Fund - Direct Plan - Growth,Equity Scheme,Small Cap Fund,Mahindra Manulife Mutual Fund,Direct,Growth
153196,INF769K01NJ4,Mirae Asset Small Cap Fund - Direct Plan - Growth,Equity Scheme,Small Cap Fund,Mirae Asset Mutual Fund,Direct,Growth
152237,INF247L01BY3,Motilal Oswal Small Cap Fund - Direct - Growth,Equity Scheme,Small Cap Fund,Motilal Oswal Mutual Fund,Direct,Growth
118777,INF204K01J83,Nippon India Small Cap Fund - Direct Plan Growth Plan - Bonus Option,Equity Scheme,Small Cap Fund,Nippon India Mutual Fund,Direct,Growth
118778,INF204K01K15,Nippon India Small Cap Fund - Direct Plan Growth Plan - Growth Option,Equity Scheme,Small Cap Fund,Nippon India Mutual Fund,Direct,Growth
149019,INF663L01W06,PGIM India Small Cap Fund - Direct Plan- Growth Option,Equity Scheme,Small Cap Fund,PGIM India Mutual Fund,Direct,Growth
120828,INF966L01689,quant Small Cap Fund - Growth Option - Direct Plan,Equity Scheme,Small Cap Fund,quant Mutual Fund,Direct,Growth
152107,INF082J01432,QUANTUM SMALL CAP FUND - DIRECT PLAN GROWTH OPTION,Equity Scheme,Small Cap Fund,Quantum Mutual Fund,Direct,Growth
125497,INF200K01T51,SBI Small Cap Fund - Direct Plan - Growth,Equity Scheme,Small Cap Fund,SBI Mutual Fund,Direct,Growth
119589,INF903J01NK9,Sundaram Small Cap Fund Direct Plan - Growth,Equity Scheme,Small Cap Fund,Sundaram Mutual Fund,Direct,Growth
145206,INF277K011O1,Tata Small Cap Fund-Direct Plan-Growth,Equity Scheme,Small Cap Fund,Tata Mutual Fund,Direct,Growth
154269,INF2F0001537,The Wealth Company Small Cap Fund- Direct-Growth,Equity Scheme,Small Cap Fund,The Wealth Company Mutual Fund,Direct,Growth
152939,INF0GCD01800,TRUSTMF SMALL CAP FUND -DIRECT PLAN-GROWTH,Equity Scheme,Small Cap Fund,Trust Mutual Fund,Direct,Growth
129649,INF582M01BU9,Union Small Cap Fund - Direct Plan - Growth Option,Equity Scheme,Small Cap Fund,Union Mutual Fund,Direct,Growth
148618,INF789F1AUQ1,UTI Small Cap Fund - Direct Plan - Growth Option,Equity Scheme,Small Cap Fund,UTI Mutual Fund,Direct,Growth
119659,INF209K01WQ7,Aditya Birla Sun Life Value Fund - Growth - Direct Plan,Equity Scheme,Value Fund,Aditya Birla Sun Life Mutual Fund,Direct,Growth
149166,INF846K010C0,Axis Value Fund - Direct Plan - Growth,Equity Scheme,Value Fund,Axis Mutual Fund,Direct,Growth
118481,INF194K01Z85,Bandhan Value Fund - Direct Plan - Growth,Equity Scheme,Value Fund,Bandhan Mutual Fund,Direct,Growth
151755,INF251K01SD5,Baroda BNP Paribas Value Fund - Direct Plan - Growth option,Equity Scheme,Value Fund,Baroda BNP Paribas Mutual Fund,Direct,Growth
149085,INF760K01JW4,Canara Robeco Value Fund - Direct Plan - Growth Option,Equity Scheme,Value Fund,Canara Robeco Mutual Fund,Direct,Growth
148595,INF740KA1PP3,DSP Value Fund - Direct Plan - Growth,Equity Scheme,Value Fund,DSP Mutual Fund,Direct,Growth
118494,INF090I01GY2,Templeton India Value Fund - Direct - Growth,Equity Scheme,Value Fund,Franklin Templeton Mutual Fund,Direct,Growth
135341,INF666M01BE4,Groww Value Fund (formerly known as Indiabulls Value Fund) - Direct Plan - Growth Option,Equity Scheme,Value Fund,Groww Mutual Fund,Direct,Growth
118935,INF179K01VC4,HDFC Value Fund - Growth Option - Direct Plan,Equity Scheme,Value Fund,HDFC Mutual Fund,Direct,Growth
151113,INF917K01HD4,HSBC Value Fund - Direct Growth,Equity Scheme,Value Fund,HSBC Mutual Fund,Direct,Growth
120323,INF109K012K1,ICICI Prudential Value Fund (erstwhile Value Discovery Fund) - Direct Plan - Growth,Equity Scheme,Value Fund,ICICI Prudential Mutual Fund,Direct,Growth
148972,INF00XX01AQ6,ITI Value Fund - Direct Plan - Growth Option,Equity Scheme,Value Fund,ITI Mutual Fund,Direct,Growth
120486,INF192K01BT3,JM Value Fund (Direct) - Growth Option,Equity Scheme,Value Fund,JM Financial Mutual Fund,Direct,Growth
152018,INF397L01KU5,LIC MF Value Fund-Direct Plan-Growth,Equity Scheme,Value Fund,LIC Mutual Fund,Direct,Growth
153303,INF174V01CI9,Mahindra Manulife Value Fund - Direct Plan - Growth,Equity Scheme,Value Fund,Mahindra Manulife Mutual Fund,Direct,Growth
118784,INF204K01K49,Nippon India Value Fund - Direct Plan Growth Plan,Equity Scheme,Value Fund,Nippon India Mutual Fund,Direct,Growth
149335,INF966L01AN3,Quant Value Fund - Growth Option  - Direct Plan,Equity Scheme,Value Fund,quant Mutual Fund,Direct,Growth
103490,INF082J01036,Quantum Value Fund - Direct Plan Growth Option,Equity Scheme,Value Fund,Quantum Mutual Fund,Direct,Growth
119549,INF903J01NN3,Sundaram Value Fund Direct Plan - Growth,Equity Scheme,Value Fund,Sundaram Mutual Fund,Direct,Growth
119231,INF277K01ND1,Tata Value Fund -Direct Plan Growth Option,Equity Scheme,Value Fund,Tata Mutual Fund,Direct,Growth
145473,INF582M01EK4,Union Value Fund - Direct Plan - Growth Option,Equity Scheme,Value Fund,Union Mutual Fund,Direct,Growth
120751,INF789F01VB2,UTI Value Fund - Direct Plan - Growth Option,Equity Scheme,Value Fund,UTI Mutual Fund,Direct,Growth
